180930018	G	A	rs12135196	0.97209	0.00847764	0.242199	1:180936513:180938555:clu_46838_+	ENSG00000135835
180930149	G	A	rs12083268	0.56191	-0.10118	0.174345	1:180936513:180938555:clu_46838_+	ENSG00000135835
180930245	C	A	rs3845418	0.161089	-0.0983035	0.0700547	1:180936513:180938555:clu_46838_+	ENSG00000135835
180930547	G	C	rs3845419	0.200412	-0.0968694	0.0755694	1:180936513:180938555:clu_46838_+	ENSG00000135835
180930633	T	A	rs114306420	0.109259	-0.430978	0.268683	1:180936513:180938555:clu_46838_+	ENSG00000135835
180930713	A	G	rs61809171	0.481794	-0.128528	0.1826	1:180936513:180938555:clu_46838_+	ENSG00000135835
180931312	T	A	rs72709608	0.101848	0.286206	0.174665	1:180936513:180938555:clu_46838_+	ENSG00000135835
180931986	C	T	rs12144934	0.000202635	-0.236072	0.063122	1:180936513:180938555:clu_46838_+	ENSG00000135835
180932103	C	T	rs7511914	0.000137143	-0.241436	0.0628842	1:180936513:180938555:clu_46838_+	ENSG00000135835
180932262	G	A	rs60757611	0.206354	-0.0967494	0.0764761	1:180936513:180938555:clu_46838_+	ENSG00000135835
180932374	T	TA	rs141789904	3.17517e-07	0.547806	0.105874	1:180936513:180938555:clu_46838_+	ENSG00000135835
180932374	T	TA	rs59739751	3.17517e-07	0.547806	0.105874	1:180936513:180938555:clu_46838_+	ENSG00000135835
180932459	C	T	rs80256086	0.102592	-0.393016	0.240371	1:180936513:180938555:clu_46838_+	ENSG00000135835
180932715	G	T	rs114772310	0.138737	-0.350293	0.236272	1:180936513:180938555:clu_46838_+	ENSG00000135835
180932763	TA	T	rs373684626	0.00666354	-0.600535	0.220528	1:180936513:180938555:clu_46838_+	ENSG00000135835
180932766	GGAGTGTAGCAGCA	G	rs376689281	0.00666354	-0.600535	0.220528	1:180936513:180938555:clu_46838_+	ENSG00000135835
180932781	T	C	rs200362389	0.00666354	-0.600535	0.220528	1:180936513:180938555:clu_46838_+	ENSG00000135835
180934037	C	T	rs12091773	0.597908	-0.0934772	0.177138	1:180936513:180938555:clu_46838_+	ENSG00000135835
180934252	CAA	C	rs71121058	0.000299358	-0.231857	0.0637273	1:180936513:180938555:clu_46838_+	ENSG00000135835
180934252	CAA	C	rs771589369	0.000299358	-0.231857	0.0637273	1:180936513:180938555:clu_46838_+	ENSG00000135835
180934252	CAA	C	rs397982156	0.000299358	-0.231857	0.0637273	1:180936513:180938555:clu_46838_+	ENSG00000135835
180934265	AAAAAAG	A	rs538316059	0.19126	-0.0973198	0.0743802	1:180936513:180938555:clu_46838_+	ENSG00000135835
180934265	AAAAAAG	A	rs529799907	0.19126	-0.0973198	0.0743802	1:180936513:180938555:clu_46838_+	ENSG00000135835
180934267	AAAAG	A	rs1469770951	0.340948	-0.157286	0.165027	1:180936513:180938555:clu_46838_+	ENSG00000135835
180934343	C	A	rs10914139	0.133461	-0.104424	0.0694892	1:180936513:180938555:clu_46838_+	ENSG00000135835
180934422	A	G	rs7530232	0.0796177	-0.119865	0.0682585	1:180936513:180938555:clu_46838_+	ENSG00000135835
180934927	T	A	rs12079084	0.599065	-0.0932029	0.177179	1:180936513:180938555:clu_46838_+	ENSG00000135835
180936127	C	T	rs17302207	0.304399	-0.167017	0.162473	1:180936513:180938555:clu_46838_+	ENSG00000135835
180936216	C	T	rs3795505	0.000482888	-0.218924	0.0623658	1:180936513:180938555:clu_46838_+	ENSG00000135835
180936312	G	T	rs3795504	8.84511e-06	-0.271865	0.0606256	1:180936513:180938555:clu_46838_+	ENSG00000135835
180936558	C	T	rs3795503	6.17754e-09	0.415759	0.0704491	1:180936513:180938555:clu_46838_+	ENSG00000135835
180937170	C	A	rs10753228	2.22384e-05	-0.259844	0.0607587	1:180936513:180938555:clu_46838_+	ENSG00000135835
180937917	G	C	rs6425656	1.00662e-05	-0.269931	0.0605812	1:180936513:180938555:clu_46838_+	ENSG00000135835
180938933	C	T	rs74404158	0.00013412	0.984635	0.256083	1:180936513:180938555:clu_46838_+	ENSG00000135835
180939099	T	TCAGGCAGA	rs147161239	0.30407	-0.076911	0.0747674	1:180936513:180938555:clu_46838_+	ENSG00000135835
180939375	G	C	rs10914140	0.000219569	-0.235527	0.0633269	1:180936513:180938555:clu_46838_+	ENSG00000135835
180939925	T	C	rs1609829	2.4042e-10	-0.444192	0.0688801	1:180936513:180938555:clu_46838_+	ENSG00000135835
180940357	C	T	rs150530811	0.118121	-0.410624	0.262368	1:180936513:180938555:clu_46838_+	ENSG00000135835
180940413	C	A	rs1831405	1.07683e-05	-0.269625	0.0607167	1:180936513:180938555:clu_46838_+	ENSG00000135835
180941942	C	T	rs141389405	0.626186	-0.101372	0.208	1:180936513:180938555:clu_46838_+	ENSG00000135835
180942231	G	A	rs78307599	0.227703	-0.326871	0.270679	1:180936513:180938555:clu_46838_+	ENSG00000135835
180942693	C	T	rs7511749	0.183691	0.261682	0.196593	1:180936513:180938555:clu_46838_+	ENSG00000135835
180942870	A	C	rs7525828	0.00779743	0.169884	0.0636232	1:180936513:180938555:clu_46838_+	ENSG00000135835
180943034	T	TGTTTGTTTG	rs75163385	0.0192903	0.148067	0.0631005	1:180936513:180938555:clu_46838_+	ENSG00000135835
180943034	T	TTTTTGTTTGTTTG	rs75163385	0.245197	-0.277511	0.238556	1:180936513:180938555:clu_46838_+	ENSG00000135835
180943034	T	TTTTTTTTTGTTTG	rs75163385	0.0338589	-0.151799	0.0713722	1:180936513:180938555:clu_46838_+	ENSG00000135835
180943034	T	TTTTTTTTTGTTTG	rs71121059	0.0338589	-0.151799	0.0713722	1:180936513:180938555:clu_46838_+	ENSG00000135835
180943038	T	G	rs7528381	0.0115135	0.16	0.0631186	1:180936513:180938555:clu_46838_+	ENSG00000135835
180943038	T	TGTTTGTTTGTTTG	rs57406050	0.626647	0.0668749	0.1374	1:180936513:180938555:clu_46838_+	ENSG00000135835
180943038	T	TTTTTGTTTGTTTG	rs57406050	0.9087	0.0131187	0.114345	1:180936513:180938555:clu_46838_+	ENSG00000135835
180943828	A	G	rs7528990	0.406077	-0.171012	0.205684	1:180936513:180938555:clu_46838_+	ENSG00000135835
180944320	G	A	rs41268448	0.948146	0.0189445	0.291166	1:180936513:180938555:clu_46838_+	ENSG00000135835
180944971	AG	A	rs34477324	0.025376	-0.142322	0.0634934	1:180936513:180938555:clu_46838_+	ENSG00000135835
180945168	C	T	rs944235	0.401501	0.226971	0.270342	1:180936513:180938555:clu_46838_+	ENSG00000135835
180945830	C	T	rs12023606	0.0925339	-0.120897	0.0717486	1:180936513:180938555:clu_46838_+	ENSG00000135835
180946108	GA	G	rs5779074	0.562567	0.113712	0.196268	1:180936513:180938555:clu_46838_+	ENSG00000135835
180946108	GA	G	rs397756170	0.562567	0.113712	0.196268	1:180936513:180938555:clu_46838_+	ENSG00000135835
180946460	T	C	rs4652539	0.00445485	0.175528	0.0614728	1:180936513:180938555:clu_46838_+	ENSG00000135835
180946841	C	T	rs12402381	0.0706258	-0.11534	0.0636796	1:180936513:180938555:clu_46838_+	ENSG00000135835
180946994	G	T	rs2331996	0.0981084	-0.10164	0.061347	1:180936513:180938555:clu_46838_+	ENSG00000135835
180947459	T	TGGGGAGA	rs150619047	0.906402	-0.0132244	0.112424	1:180936513:180938555:clu_46838_+	ENSG00000135835
180947459	T	TGGGGAGA	rs766980838	0.906402	-0.0132244	0.112424	1:180936513:180938555:clu_46838_+	ENSG00000135835
180947459	T	TGGGGAGA	rs58460157	0.906402	-0.0132244	0.112424	1:180936513:180938555:clu_46838_+	ENSG00000135835
180947878	G	A	rs61538527	0.885916	-0.0161366	0.112421	1:180936513:180938555:clu_46838_+	ENSG00000135835
180947882	G	A	rs74972725	0.0701776	-0.574526	0.31669	1:180936513:180938555:clu_46838_+	ENSG00000135835
180948139	A	G	rs7525223	0.282171	0.0695925	0.0646488	1:180936513:180938555:clu_46838_+	ENSG00000135835
180948206	G	A	rs61809172	0.938787	-0.00815703	0.106172	1:180936513:180938555:clu_46838_+	ENSG00000135835
180948321	T	TCA	rs34898532	0.501522	-0.0953651	0.141802	1:180936513:180938555:clu_46838_+	ENSG00000135835
180948652	C	T	rs2150117	0.169456	-0.098574	0.0716541	1:180936513:180938555:clu_46838_+	ENSG00000135835
180948858	T	C	rs77556828	0.0550422	0.184491	0.0959649	1:180936513:180938555:clu_46838_+	ENSG00000135835
180948935	C	T	rs73049936	0.571213	-0.071799	0.126721	1:180936513:180938555:clu_46838_+	ENSG00000135835
180949204	C	G	rs1571593	0.256433	-0.185595	0.163376	1:180936513:180938555:clu_46838_+	ENSG00000135835
180949229	C	T	rs4651078	0.807135	-0.0197143	0.0807177	1:180936513:180938555:clu_46838_+	ENSG00000135835
180949254	T	G	rs59416544	0.262042	-0.197918	0.17629	1:180936513:180938555:clu_46838_+	ENSG00000135835
180949569	C	G	rs2297183	0.152044	0.0958623	0.0668371	1:180936513:180938555:clu_46838_+	ENSG00000135835
180950015	T	C	rs2297184	0.188106	0.0864843	0.0656287	1:180936513:180938555:clu_46838_+	ENSG00000135835
180950119	C	T	rs2297185	0.125261	-0.103183	0.0672063	1:180936513:180938555:clu_46838_+	ENSG00000135835
180950890	T	C	rs3795502	0.590642	-0.0369515	0.0686564	1:180936513:180938555:clu_46838_+	ENSG00000135835
180951041	A	G	rs3820314	0.341754	-0.0655046	0.0688436	1:180936513:180938555:clu_46838_+	ENSG00000135835
180951045	C	T	rs3820313	0.221514	0.0841452	0.0687546	1:180936513:180938555:clu_46838_+	ENSG00000135835
180951090	G	T	rs10753229	0.0809509	0.129944	0.0743262	1:180936513:180938555:clu_46838_+	ENSG00000135835
180951204	AAACAAC	A	rs145551157	0.147166	-0.101811	0.0701376	1:180936513:180938555:clu_46838_+	ENSG00000135835
180951204	AAACAAC	A	rs568254374	0.147166	-0.101811	0.0701376	1:180936513:180938555:clu_46838_+	ENSG00000135835
180951204	AAACAAC	A	rs373954295	0.147166	-0.101811	0.0701376	1:180936513:180938555:clu_46838_+	ENSG00000135835
180951397	C	T	rs11580423	0.309676	0.245147	0.241095	1:180936513:180938555:clu_46838_+	ENSG00000135835
180951398	G	A	rs3747960	0.982218	0.00191781	0.0860064	1:180936513:180938555:clu_46838_+	ENSG00000135835
180951912	TA	T	rs199686294	0.227967	0.0829986	0.0687697	1:180936513:180938555:clu_46838_+	ENSG00000135835
180952194	G	A	rs11799738	0.258944	0.0775183	0.0685993	1:180936513:180938555:clu_46838_+	ENSG00000135835
180952504	G	A	rs6695648	0.844945	0.0123657	0.0631996	1:180936513:180938555:clu_46838_+	ENSG00000135835
180952872	T	C	rs4652540	0.469447	0.0474561	0.0655596	1:180936513:180938555:clu_46838_+	ENSG00000135835
180953671	G	A	rs870046	0.469447	0.0474561	0.0655596	1:180936513:180938555:clu_46838_+	ENSG00000135835
180954016	GCCC	G	rs143596193	0.949971	0.00398544	0.0634923	1:180936513:180938555:clu_46838_+	ENSG00000135835
180954016	GCCC	G	rs869120020	0.949971	0.00398544	0.0634923	1:180936513:180938555:clu_46838_+	ENSG00000135835
180954016	GCCC	G	rs71728439	0.949971	0.00398544	0.0634923	1:180936513:180938555:clu_46838_+	ENSG00000135835
180954099	A	G	rs71630288	0.495617	0.0446112	0.0654277	1:180936513:180938555:clu_46838_+	ENSG00000135835
180954451	C	T	rs58047756	0.448895	0.0514441	0.067888	1:180936513:180938555:clu_46838_+	ENSG00000135835
180954459	G	A	rs76014269	0.237346	-0.105696	0.0893543	1:180936513:180938555:clu_46838_+	ENSG00000135835
180954588	C	CGGAGGGATGGGGAGGAAGT	rs577015302	0.684866	0.135577	0.3339	1:180936513:180938555:clu_46838_+	ENSG00000135835
180956613	T	C	rs77973937	0.0437979	-0.644748	0.319103	1:180936513:180938555:clu_46838_+	ENSG00000135835
180957490	G	A	rs61809174	0.278657	-0.0975966	0.0900029	1:180936513:180938555:clu_46838_+	ENSG00000135835
180957569	G	A	rs61809175	0.379081	-0.0814278	0.0925026	1:180936513:180938555:clu_46838_+	ENSG00000135835
180957609	G	A	rs7519322	0.344586	0.0785014	0.0829889	1:180936513:180938555:clu_46838_+	ENSG00000135835
180957754	C	G	rs1888226	0.899109	-0.00927608	0.0731303	1:180936513:180938555:clu_46838_+	ENSG00000135835
180958878	T	A	rs114777816	0.573939	-0.128477	0.22837	1:180936513:180938555:clu_46838_+	ENSG00000135835
180959080	T	C	rs142896338	0.402598	-0.0618094	0.0737922	1:180936513:180938555:clu_46838_+	ENSG00000135835
180959371	A	G	rs10737352	0.947097	0.00393146	0.0592252	1:180936513:180938555:clu_46838_+	ENSG00000135835
180959737	A	ACACAGGGCCCCAAGTC	rs138730993	0.955123	0.00333453	0.0592281	1:180936513:180938555:clu_46838_+	ENSG00000135835
180959737	A	ACACAGGGCCCCAAGTC	rs60694784	0.955123	0.00333453	0.0592281	1:180936513:180938555:clu_46838_+	ENSG00000135835
180959884	C	T	rs12032475	0.402585	-0.0618069	0.0737872	1:180936513:180938555:clu_46838_+	ENSG00000135835
180959997	A	G	rs4651079	0.971338	0.00212285	0.0590576	1:180936513:180938555:clu_46838_+	ENSG00000135835
180960064	T	C	rs4652542	0.545515	0.0390257	0.0645207	1:180936513:180938555:clu_46838_+	ENSG00000135835
180960888	C	G	rs7537859	0.99944	-4.1492e-05	0.0591053	1:180936513:180938555:clu_46838_+	ENSG00000135835
180960914	T	C	rs7551728	0.971163	0.00213586	0.0590575	1:180936513:180938555:clu_46838_+	ENSG00000135835
180961079	C	T	rs7538053	0.971333	0.00212337	0.0590604	1:180936513:180938555:clu_46838_+	ENSG00000135835
180961083	A	G	rs10753230	0.971338	0.00212285	0.0590576	1:180936513:180938555:clu_46838_+	ENSG00000135835
180961198	T	G	rs10753231	0.971163	0.00213586	0.0590575	1:180936513:180938555:clu_46838_+	ENSG00000135835
180962164	G	A	rs3737061	0.973902	0.00193266	0.0590507	1:180936513:180938555:clu_46838_+	ENSG00000135835
180962372	T	G	rs3737062	0.987777	0.000896468	0.0584888	1:180936513:180938555:clu_46838_+	ENSG00000135835
180962504	TCTTCCC	T	rs67159232	0.973338	0.0019749	0.0590642	1:180936513:180938555:clu_46838_+	ENSG00000135835
180962504	TCTTCCC	T	rs3831186	0.973338	0.0019749	0.0590642	1:180936513:180938555:clu_46838_+	ENSG00000135835
180962656	T	C	rs10914142	0.678671	0.024355	0.0587589	1:180936513:180938555:clu_46838_+	ENSG00000135835
180962814	T	C	rs11590602	0.660296	0.0319587	0.0726774	1:180936513:180938555:clu_46838_+	ENSG00000135835
180963039	C	A	rs6691233	0.656729	0.0320005	0.0719651	1:180936513:180938555:clu_46838_+	ENSG00000135835
180963443	T	C	rs6658071	0.780434	0.0191716	0.0687439	1:180936513:180938555:clu_46838_+	ENSG00000135835
180963484	G	A	rs59805843	0.97402	0.00192397	0.0590518	1:180936513:180938555:clu_46838_+	ENSG00000135835
180963494	C	CA	rs1386638888	0.302492	-0.339507	0.328968	1:180936513:180938555:clu_46838_+	ENSG00000135835
180963494	CA	C	rs58649046	0.813245	0.0170783	0.0722582	1:180936513:180938555:clu_46838_+	ENSG00000135835
180963494	CA	C	rs796461261	0.813245	0.0170783	0.0722582	1:180936513:180938555:clu_46838_+	ENSG00000135835
180963551	G	A	rs73049959	0.693687	0.0705133	0.178942	1:180936513:180938555:clu_46838_+	ENSG00000135835
180963588	T	A	rs12145907	0.973902	0.00193266	0.0590507	1:180936513:180938555:clu_46838_+	ENSG00000135835
180963837	G	A	rs10914143	0.551975	-0.0394458	0.066278	1:180936513:180938555:clu_46838_+	ENSG00000135835
180964140	TA	T	rs10707762	0.639534	-0.0311616	0.0664994	1:180936513:180938555:clu_46838_+	ENSG00000135835
180964140	TA	T	rs796480575	0.639534	-0.0311616	0.0664994	1:180936513:180938555:clu_46838_+	ENSG00000135835
180964154	CA	C	rs10707763	0.62738	-0.0329138	0.0677685	1:180936513:180938555:clu_46838_+	ENSG00000135835
180964154	CA	C	rs398089706	0.62738	-0.0329138	0.0677685	1:180936513:180938555:clu_46838_+	ENSG00000135835
180964362	C	T	rs4652543	0.980841	0.00142044	0.0591218	1:180936513:180938555:clu_46838_+	ENSG00000135835
180964911	T	C	rs12022368	0.618503	-0.0337535	0.0677449	1:180936513:180938555:clu_46838_+	ENSG00000135835
180965027	A	G	rs4651080	0.593067	0.0350348	0.0655226	1:180936513:180938555:clu_46838_+	ENSG00000135835
180965625	CGT	C	rs35849727	0.706813	0.0268692	0.0713983	1:180936513:180938555:clu_46838_+	ENSG00000135835
180965625	CGT	C	rs201671740	0.706813	0.0268692	0.0713983	1:180936513:180938555:clu_46838_+	ENSG00000135835
180965625	CGT	C	rs567738448	0.706813	0.0268692	0.0713983	1:180936513:180938555:clu_46838_+	ENSG00000135835
180965841	C	T	rs4652544	0.706813	0.0268692	0.0713983	1:180936513:180938555:clu_46838_+	ENSG00000135835
180966659	G	T	rs73049966	0.322253	0.210345	0.21232	1:180936513:180938555:clu_46838_+	ENSG00000135835
180966839	G	A	rs12026811	0.557058	-0.0428202	0.0728776	1:180936513:180938555:clu_46838_+	ENSG00000135835
180966894	G	A	rs10798796	0.911662	-0.00659404	0.0594102	1:180936513:180938555:clu_46838_+	ENSG00000135835
180966926	T	C	rs10429833	0.348232	0.0811762	0.0864684	1:180936513:180938555:clu_46838_+	ENSG00000135835
180967238	C	T	rs75519491	0.430558	-0.127338	0.161434	1:180936513:180938555:clu_46838_+	ENSG00000135835
180967321	C	T	rs2068800	0.278265	0.0751348	0.0692322	1:180936513:180938555:clu_46838_+	ENSG00000135835
180967681	G	A	rs12563444	0.557058	-0.0428202	0.0728776	1:180936513:180938555:clu_46838_+	ENSG00000135835
180967687	A	G	rs12562558	0.557058	-0.0428202	0.0728776	1:180936513:180938555:clu_46838_+	ENSG00000135835
180967981	T	C	rs79723726	0.672142	-0.0848355	0.200354	1:180936513:180938555:clu_46838_+	ENSG00000135835
180968320	G	C	rs10914145	0.892422	-0.00808951	0.0597891	1:180936513:180938555:clu_46838_+	ENSG00000135835
180968388	C	T	rs11583970	0.521855	-0.0467322	0.0729183	1:180936513:180938555:clu_46838_+	ENSG00000135835
180968919	T	C	rs2002040	0.518053	-0.0471658	0.0729273	1:180936513:180938555:clu_46838_+	ENSG00000135835
180968940	C	T	rs73048407	0.332298	0.210371	0.216806	1:180936513:180938555:clu_46838_+	ENSG00000135835
180968981	G	A	rs2002041	0.527055	-0.045639	0.0721115	1:180936513:180938555:clu_46838_+	ENSG00000135835
180969021	G	C	rs73048408	0.330671	0.20763	0.213262	1:180936513:180938555:clu_46838_+	ENSG00000135835
180969491	C	T	rs944233	0.558479	-0.0405846	0.0693224	1:180936513:180938555:clu_46838_+	ENSG00000135835
180969493	G	A	rs944232	0.55799	-0.0406391	0.0693293	1:180936513:180938555:clu_46838_+	ENSG00000135835
180969497	T	C	rs77734549	0.256727	-0.101035	0.088994	1:180936513:180938555:clu_46838_+	ENSG00000135835
180969503	A	G	rs944231	0.559288	-0.040504	0.0693274	1:180936513:180938555:clu_46838_+	ENSG00000135835
180969675	T	A	rs7516077	0.771508	-0.0173297	0.0596463	1:180936513:180938555:clu_46838_+	ENSG00000135835
180969714	G	A	rs61809188	0.366674	-0.0843462	0.0933614	1:180936513:180938555:clu_46838_+	ENSG00000135835
180969783	G	A	rs56184181	0.280079	0.0756004	0.0699247	1:180936513:180938555:clu_46838_+	ENSG00000135835
180969848	GCT	G	rs71121061	0.256805	-0.0925692	0.0815507	1:180936513:180938555:clu_46838_+	ENSG00000135835
180969922	C	G	rs7549545	0.552	-0.0404187	0.0679171	1:180936513:180938555:clu_46838_+	ENSG00000135835
180970147	C	G	rs141859715	0.509484	0.190337	0.288364	1:180936513:180938555:clu_46838_+	ENSG00000135835
180970333	A	G	rs74507102	0.0950005	-0.357551	0.2138	1:180936513:180938555:clu_46838_+	ENSG00000135835
180970586	C	CAT	rs5779076	0.0973554	-0.113056	0.0680841	1:180936513:180938555:clu_46838_+	ENSG00000135835
180970832	A	G	rs72709630	0.140635	0.207975	0.140954	1:180936513:180938555:clu_46838_+	ENSG00000135835
180971452	T	C	rs883859	0.348875	0.0639175	0.0681755	1:180936513:180938555:clu_46838_+	ENSG00000135835
180971776	G	A	rs12740112	0.124863	-0.150718	0.0980639	1:180936513:180938555:clu_46838_+	ENSG00000135835
180971833	C	G	rs147638247	0.917538	-0.0268823	0.25953	1:180936513:180938555:clu_46838_+	ENSG00000135835
180972082	C	CT	rs768385930	0.517587	-0.146874	0.226842	1:180936513:180938555:clu_46838_+	ENSG00000135835
180972770	A	G	rs77864872	0.140171	-0.298706	0.20221	1:180936513:180938555:clu_46838_+	ENSG00000135835
180974393	C	T	rs1044595	0.0217717	0.139804	0.0607675	1:180936513:180938555:clu_46838_+	ENSG00000135835
180974802	T	C	rs116837703	0.308081	0.297423	0.291543	1:180936513:180938555:clu_46838_+	ENSG00000135835
180975396	T	TAA	rs34521831	0.0169135	0.143331	0.0598308	1:180936513:180938555:clu_46838_+	ENSG00000135835
180975396	T	TAA	rs386368888	0.0169135	0.143331	0.0598308	1:180936513:180938555:clu_46838_+	ENSG00000135835
180975396	T	TAA	rs370774465	0.0169135	0.143331	0.0598308	1:180936513:180938555:clu_46838_+	ENSG00000135835
180975916	C	A	rs41268450	0.297031	-0.1338	0.128189	1:180936513:180938555:clu_46838_+	ENSG00000135835
180977292	C	A	rs79705422	0.234574	-0.247775	0.208229	1:180936513:180938555:clu_46838_+	ENSG00000135835
180977703	C	T	rs115531908	0.18367	-0.293459	0.220455	1:180936513:180938555:clu_46838_+	ENSG00000135835
180978159	G	T	rs73048416	0.205386	0.222794	0.175732	1:180936513:180938555:clu_46838_+	ENSG00000135835
180978472	T	G	rs4652545	0.0171326	0.142968	0.0597982	1:180936513:180938555:clu_46838_+	ENSG00000135835
180979370	C	T	rs7516739	0.0171296	0.142974	0.059799	1:180936513:180938555:clu_46838_+	ENSG00000135835
180979438	A	G	rs7528526	0.0124566	0.1465	0.0584391	1:180936513:180938555:clu_46838_+	ENSG00000135835
180979858	AAACT	A	rs147763313	0.0124566	0.1465	0.0584391	1:180936513:180938555:clu_46838_+	ENSG00000135835
180979858	AAACT	A	rs55962874	0.0124566	0.1465	0.0584391	1:180936513:180938555:clu_46838_+	ENSG00000135835
180979995	T	C	rs4495657	0.0124566	0.1465	0.0584391	1:180936513:180938555:clu_46838_+	ENSG00000135835
180980206	C	CAA	rs1421408860	0.173336	0.239509	0.175687	1:180936513:180938555:clu_46838_+	ENSG00000135835
180980206	C	CAAA	rs1421408860	0.0277734	0.175461	0.0795341	1:180936513:180938555:clu_46838_+	ENSG00000135835
180980206	C	CAAA	rs56336455	0.0277734	0.175461	0.0795341	1:180936513:180938555:clu_46838_+	ENSG00000135835
180980206	C	CAAAA	rs1421408860	0.822235	0.0158607	0.0705628	1:180936513:180938555:clu_46838_+	ENSG00000135835
180980206	C	CAAAAA	rs1421408860	0.679248	0.112263	0.271361	1:180936513:180938555:clu_46838_+	ENSG00000135835
180980224	C	A	rs56153798	0.0114893	0.148537	0.0585794	1:180936513:180938555:clu_46838_+	ENSG00000135835
180980335	A	AC	rs55867243	0.0124566	0.1465	0.0584391	1:180936513:180938555:clu_46838_+	ENSG00000135835
180980335	A	AC	rs397806421	0.0124566	0.1465	0.0584391	1:180936513:180938555:clu_46838_+	ENSG00000135835
180980492	C	A	rs6665134	0.011874	0.147693	0.0585164	1:180936513:180938555:clu_46838_+	ENSG00000135835
180980545	CT	C	rs1244116942	0.00791722	-0.700154	0.262725	1:180936513:180938555:clu_46838_+	ENSG00000135835
180980644	T	G	rs6680541	0.0120001	0.147632	0.0585792	1:180936513:180938555:clu_46838_+	ENSG00000135835
180980711	C	T	rs114160345	0.134783	-0.323141	0.215769	1:180936513:180938555:clu_46838_+	ENSG00000135835
180980829	T	C	rs10914146	0.245679	-0.110203	0.0948305	1:180936513:180938555:clu_46838_+	ENSG00000135835
180980990	C	T	rs10753232	0.00636558	-0.160896	0.0587544	1:180936513:180938555:clu_46838_+	ENSG00000135835
180981733	C	T	rs2331903	0.019269	0.136812	0.0582936	1:180936513:180938555:clu_46838_+	ENSG00000135835
180981907	C	G	rs3789364	0.0192494	0.136831	0.0582924	1:180936513:180938555:clu_46838_+	ENSG00000135835
180982014	C	T	rs3789363	0.413872	-0.0885393	0.108279	1:180936513:180938555:clu_46838_+	ENSG00000135835
180982556	A	G	rs3789362	0.0191065	0.137127	0.058349	1:180936513:180938555:clu_46838_+	ENSG00000135835
180982896	A	G	rs77470340	0.177166	-0.27675	0.204818	1:180936513:180938555:clu_46838_+	ENSG00000135835
180983158	C	T	rs57113693	0.0192494	0.136831	0.0582924	1:180936513:180938555:clu_46838_+	ENSG00000135835
180983159	A	G	rs59145927	0.0192494	0.136831	0.0582924	1:180936513:180938555:clu_46838_+	ENSG00000135835
180983380	C	A	rs12744212	0.0192494	0.136831	0.0582924	1:180936513:180938555:clu_46838_+	ENSG00000135835
180983902	A	C	rs7543927	0.0192565	0.136822	0.0582921	1:180936513:180938555:clu_46838_+	ENSG00000135835
180984089	A	AAAAC	rs141306282	0.192749	0.403435	0.309376	1:180936513:180938555:clu_46838_+	ENSG00000135835
180984231	CA	C	rs879405039	0.132887	-0.422075	0.280456	1:180936513:180938555:clu_46838_+	ENSG00000135835
180984717	A	G	rs3747957	0.0187234	0.135584	0.0575064	1:180936513:180938555:clu_46838_+	ENSG00000135835
180984953	A	G	rs4652547	0.0192565	0.136822	0.0582921	1:180936513:180938555:clu_46838_+	ENSG00000135835
180984994	C	T	rs4652548	0.0192565	0.136822	0.0582921	1:180936513:180938555:clu_46838_+	ENSG00000135835
180985144	GA	G	rs34435062	0.0192772	0.13681	0.0582968	1:180936513:180938555:clu_46838_+	ENSG00000135835
180985736	C	G	rs73048440	0.610044	0.118313	0.231852	1:180936513:180938555:clu_46838_+	ENSG00000135835
180986324	CAA	C	rs58040967	0.0189752	0.137149	0.0582937	1:180936513:180938555:clu_46838_+	ENSG00000135835
180986324	CAA	C	rs397725235	0.0189752	0.137149	0.0582937	1:180936513:180938555:clu_46838_+	ENSG00000135835
180986879	A	G	rs7553330	0.0189752	0.137149	0.0582937	1:180936513:180938555:clu_46838_+	ENSG00000135835
180986946	C	G	rs147355547	0.658924	-0.0838601	0.189887	1:180936513:180938555:clu_46838_+	ENSG00000135835
180987059	T	C	rs7556005	0.3022	0.0673733	0.0652425	1:180936513:180938555:clu_46838_+	ENSG00000135835
180987769	A	G	rs6425657	0.0189752	0.137149	0.0582937	1:180936513:180938555:clu_46838_+	ENSG00000135835
180987792	GT	G	rs59311970	0.234202	0.0807499	0.0678078	1:180936513:180938555:clu_46838_+	ENSG00000135835
180987792	GT	G	rs536037871	0.234202	0.0807499	0.0678078	1:180936513:180938555:clu_46838_+	ENSG00000135835
180987792	GT	G	rs796631266	0.234202	0.0807499	0.0678078	1:180936513:180938555:clu_46838_+	ENSG00000135835
180987792	GT	G	rs75195804	0.234202	0.0807499	0.0678078	1:180936513:180938555:clu_46838_+	ENSG00000135835
180987800	T	A	rs35306826	0.0220942	0.135986	0.0592527	1:180936513:180938555:clu_46838_+	ENSG00000135835
180987849	G	A	rs6425658	0.0188812	0.137239	0.058286	1:180936513:180938555:clu_46838_+	ENSG00000135835
180987994	C	A	rs7528255	0.320961	0.0656313	0.0660708	1:180936513:180938555:clu_46838_+	ENSG00000135835
180988621	A	G	rs115308330	0.17201	-0.279896	0.204679	1:180936513:180938555:clu_46838_+	ENSG00000135835
180988826	T	G	rs12754041	0.0187234	0.135584	0.0575064	1:180936513:180938555:clu_46838_+	ENSG00000135835
180989677	T	C	rs116515810	0.141227	-0.408154	0.277039	1:180936513:180938555:clu_46838_+	ENSG00000135835
180989810	A	G	rs4111520	0.0195421	0.136755	0.0584013	1:180936513:180938555:clu_46838_+	ENSG00000135835
180990560	G	GA	rs5779077	0.0196798	0.136556	0.0583826	1:180936513:180938555:clu_46838_+	ENSG00000135835
180990560	G	GA	rs869031079	0.0196798	0.136556	0.0583826	1:180936513:180938555:clu_46838_+	ENSG00000135835
180990560	G	GA	rs397759238	0.0196798	0.136556	0.0583826	1:180936513:180938555:clu_46838_+	ENSG00000135835
180990560	G	GA	rs397691211	0.0196798	0.136556	0.0583826	1:180936513:180938555:clu_46838_+	ENSG00000135835
180990873	G	A	rs79852108	0.989798	0.00198461	0.155142	1:180936513:180938555:clu_46838_+	ENSG00000135835
180991021	T	C	rs74505894	0.142913	-0.259396	0.176815	1:180936513:180938555:clu_46838_+	ENSG00000135835
180991927	A	AT	rs11410692	0.0194711	0.136798	0.0583854	1:180936513:180938555:clu_46838_+	ENSG00000135835
180991944	A	ATATT	rs71121065	0.328485	0.0649477	0.0664081	1:180936513:180938555:clu_46838_+	ENSG00000135835
180991944	A	ATATT	rs200385134	0.328485	0.0649477	0.0664081	1:180936513:180938555:clu_46838_+	ENSG00000135835
180991985	G	A	rs71516924	0.33053	0.0646654	0.0663999	1:180936513:180938555:clu_46838_+	ENSG00000135835
180992109	G	A	rs11586493	0.0196615	0.136576	0.058382	1:180936513:180938555:clu_46838_+	ENSG00000135835
180992999	G	A	rs34038022	0.304816	-0.192837	0.187752	1:180936513:180938555:clu_46838_+	ENSG00000135835
180993146	A	G	rs1411478	0.0195268	0.134933	0.0576162	1:180936513:180938555:clu_46838_+	ENSG00000135835
180993390	C	T	rs34036241	0.169762	0.240488	0.174938	1:180936513:180938555:clu_46838_+	ENSG00000135835
180993689	G	GA	rs35789425	0.859539	0.011826	0.0667983	1:180936513:180938555:clu_46838_+	ENSG00000135835
180993864	G	GT	rs534102361	0.085077	0.101715	0.058967	1:180936513:180938555:clu_46838_+	ENSG00000135835
180993864	G	GT	rs11446800	0.085077	0.101715	0.058967	1:180936513:180938555:clu_46838_+	ENSG00000135835
180993864	G	GT	rs397697491	0.085077	0.101715	0.058967	1:180936513:180938555:clu_46838_+	ENSG00000135835
180994275	A	T	rs77756747	0.169506	-0.282022	0.205028	1:180936513:180938555:clu_46838_+	ENSG00000135835
180994681	G	A	rs73048449	0.168874	0.241514	0.175318	1:180936513:180938555:clu_46838_+	ENSG00000135835
180994942	A	AT	rs58609840	0.227166	0.0825604	0.0682885	1:180936513:180938555:clu_46838_+	ENSG00000135835
180994942	A	AT	rs397738858	0.227166	0.0825604	0.0682885	1:180936513:180938555:clu_46838_+	ENSG00000135835
180994968	AT	A	rs35603304	0.062765	0.120879	0.0648319	1:180936513:180938555:clu_46838_+	ENSG00000135835
180994968	AT	A	rs796137243	0.062765	0.120879	0.0648319	1:180936513:180938555:clu_46838_+	ENSG00000135835
180995297	A	G	rs114839960	0.485829	0.212385	0.304532	1:180936513:180938555:clu_46838_+	ENSG00000135835
180995323	A	C	rs71630289	0.624701	-0.167042	0.341276	1:180936513:180938555:clu_46838_+	ENSG00000135835
180997057	G	C	rs3930261	0.955179	0.00369647	0.065739	1:180936513:180938555:clu_46838_+	ENSG00000135835
180997444	G	GTCC	rs199531545	0.192979	-0.437188	0.335433	1:180936513:180938555:clu_46838_+	ENSG00000135835
180998212	T	A	rs73048451	0.17225	0.239007	0.174876	1:180936513:180938555:clu_46838_+	ENSG00000135835
180999661	G	GA	rs35223208	0.975003	-0.00204149	0.0651242	1:180936513:180938555:clu_46838_+	ENSG00000135835
180999661	G	GA	rs66793967	0.975003	-0.00204149	0.0651242	1:180936513:180938555:clu_46838_+	ENSG00000135835
180999769	G	A	rs72709641	0.810649	-0.0278504	0.116188	1:180936513:180938555:clu_46838_+	ENSG00000135835
180999909	C	T	rs10797661	0.0559935	0.121021	0.0631967	1:180936513:180938555:clu_46838_+	ENSG00000135835
180999979	A	G	rs35672928	0.891339	-0.00886331	0.0648515	1:180936513:180938555:clu_46838_+	ENSG00000135835
181000875	C	CA	rs34045263	0.832824	-0.0214271	0.101465	1:180936513:180938555:clu_46838_+	ENSG00000135835
181000875	C	CA	rs60498288	0.832824	-0.0214271	0.101465	1:180936513:180938555:clu_46838_+	ENSG00000135835
181000875	CA	C	rs557647308	0.124164	-0.36552	0.237382	1:180936513:180938555:clu_46838_+	ENSG00000135835
181001434	C	T	rs3789361	0.406546	0.0587846	0.0707736	1:180936513:180938555:clu_46838_+	ENSG00000135835
181001483	T	C	rs76002197	0.510476	-0.160453	0.243661	1:180936513:180938555:clu_46838_+	ENSG00000135835
181002191	T	C	rs12411105	0.967406	-0.00269926	0.0660284	1:180936513:180938555:clu_46838_+	ENSG00000135835
181003227	G	T	rs3827708	0.159567	0.0943219	0.0669726	1:180936513:180938555:clu_46838_+	ENSG00000135835
181003781	G	GA	rs545090061	0.6823	-0.0796087	0.194387	1:180936513:180938555:clu_46838_+	ENSG00000135835
181003782	A	C	rs17374409	0.596143	0.0526931	0.0993736	1:180936513:180938555:clu_46838_+	ENSG00000135835
181004059	T	C	rs72709643	0.119392	-0.302333	0.193845	1:180936513:180938555:clu_46838_+	ENSG00000135835
181004355	C	G	rs7517523	0.0569771	0.185661	0.0973399	1:180936513:180938555:clu_46838_+	ENSG00000135835
181005460	C	T	rs12125196	0.967128	-0.0110009	0.266826	1:180936513:180938555:clu_46838_+	ENSG00000135835
181005896	A	G	rs4652549	0.934041	-0.00535378	0.0646603	1:180936513:180938555:clu_46838_+	ENSG00000135835
181006478	G	C	rs10910848	0.795108	0.017232	0.0663268	1:180936513:180938555:clu_46838_+	ENSG00000135835
181006478	G	T	rs10910848	0.151742	-0.397862	0.277193	1:180936513:180938555:clu_46838_+	ENSG00000135835
181006729	C	T	rs10494536	0.146089	0.0961863	0.0660862	1:180936513:180938555:clu_46838_+	ENSG00000135835
181006955	T	C	rs2331992	0.953806	-0.00369589	0.0637735	1:180936513:180938555:clu_46838_+	ENSG00000135835
181007466	G	C	rs75650929	0.0990218	0.282775	0.171139	1:180936513:180938555:clu_46838_+	ENSG00000135835
181007755	A	G	rs4545301	0.928061	0.00593482	0.0657052	1:180936513:180938555:clu_46838_+	ENSG00000135835
181008552	G	C	rs6425659	0.151746	0.0967774	0.0674261	1:180936513:180938555:clu_46838_+	ENSG00000135835
181008727	G	GTTTT	rs772519564	0.78044	0.029327	0.105161	1:180936513:180938555:clu_46838_+	ENSG00000135835
181008727	G	T	rs6682079	0.914274	-0.0343605	0.319047	1:180936513:180938555:clu_46838_+	ENSG00000135835
181008955	G	A	rs139573699	0.637266	-0.0966722	0.204911	1:180936513:180938555:clu_46838_+	ENSG00000135835
181009041	G	A	rs115515974	0.15166	-0.397967	0.277211	1:180936513:180938555:clu_46838_+	ENSG00000135835
181009107	A	G	rs72709645	0.120651	-0.301732	0.194119	1:180936513:180938555:clu_46838_+	ENSG00000135835
181009223	T	C	rs149537486	0.637266	-0.0966722	0.204911	1:180936513:180938555:clu_46838_+	ENSG00000135835
181009470	C	CA	rs34874874	0.247714	0.103127	0.0891248	1:180936513:180938555:clu_46838_+	ENSG00000135835
181009470	C	CA	rs576551019	0.247714	0.103127	0.0891248	1:180936513:180938555:clu_46838_+	ENSG00000135835
181009470	C	CA	rs59123549	0.247714	0.103127	0.0891248	1:180936513:180938555:clu_46838_+	ENSG00000135835
181009470	CA	C	rs34469966	0.410791	-0.054616	0.0663534	1:180936513:180938555:clu_46838_+	ENSG00000135835
181009470	CA	C	rs758614898	0.410791	-0.054616	0.0663534	1:180936513:180938555:clu_46838_+	ENSG00000135835
181010104	G	A	rs147482072	0.122138	0.410299	0.265024	1:180936513:180938555:clu_46838_+	ENSG00000135835
181011146	A	G	rs75263902	0.102536	0.279863	0.171138	1:180936513:180938555:clu_46838_+	ENSG00000135835
181011307	G	A	rs10910849	0.855983	0.0118012	0.0649945	1:180936513:180938555:clu_46838_+	ENSG00000135835
181011485	G	C	rs140293866	0.122138	0.410299	0.265024	1:180936513:180938555:clu_46838_+	ENSG00000135835
181012341	C	A	rs10157092	0.0792174	0.11179	0.0635753	1:180936513:180938555:clu_46838_+	ENSG00000135835
181012560	G	C	rs12092435	0.804033	-0.0238578	0.0961054	1:180936513:180938555:clu_46838_+	ENSG00000135835
181012650	T	C	rs10910850	0.74591	-0.020857	0.064335	1:180936513:180938555:clu_46838_+	ENSG00000135835
181012664	CTTCCA	C	rs147822590	0.804759	-0.0238486	0.0964331	1:180936513:180938555:clu_46838_+	ENSG00000135835
181012664	CTTCCA	C	rs747116999	0.804759	-0.0238486	0.0964331	1:180936513:180938555:clu_46838_+	ENSG00000135835
181012672	C	CT	rs1437234036	0.0495363	0.146436	0.0744034	1:180936513:180938555:clu_46838_+	ENSG00000135835
181012672	C	CT	rs58296301	0.0495363	0.146436	0.0744034	1:180936513:180938555:clu_46838_+	ENSG00000135835
181012672	C	CTT	rs1437234036	0.690945	0.102439	0.257529	1:180936513:180938555:clu_46838_+	ENSG00000135835
181012672	CT	C	rs1486335773	0.00234282	-0.667502	0.218376	1:180936513:180938555:clu_46838_+	ENSG00000135835
181012750	C	G	rs61809190	0.212728	-0.302668	0.242621	1:180936513:180938555:clu_46838_+	ENSG00000135835
181013157	C	CA	rs545226370	0.158311	0.103861	0.0735236	1:180936513:180938555:clu_46838_+	ENSG00000135835
181013517	G	A	rs6425660	0.0965439	0.106652	0.0640714	1:180936513:180938555:clu_46838_+	ENSG00000135835
181013921	T	C	rs7546157	0.18948	0.0875786	0.0666663	1:180936513:180938555:clu_46838_+	ENSG00000135835
181014393	CA	C	rs11334153	0.130964	0.0994048	0.0657229	1:180936513:180938555:clu_46838_+	ENSG00000135835
181014393	CA	C	rs397982157	0.130964	0.0994048	0.0657229	1:180936513:180938555:clu_46838_+	ENSG00000135835
181014406	G	GA	rs200099705	0.951413	0.0202542	0.332257	1:180936513:180938555:clu_46838_+	ENSG00000135835
181015428	A	C	rs73048459	0.102536	0.279863	0.171138	1:180936513:180938555:clu_46838_+	ENSG00000135835
181016220	CATCTTT	C	rs138158304	0.719069	0.0242868	0.0674855	1:180936513:180938555:clu_46838_+	ENSG00000135835
181016220	CATCTTT	C	rs10595201	0.719069	0.0242868	0.0674855	1:180936513:180938555:clu_46838_+	ENSG00000135835
181016941	T	G	rs10797662	0.127605	0.10258	0.0672287	1:180936513:180938555:clu_46838_+	ENSG00000135835
181016991	T	C	rs149027927	0.931003	-0.0278307	0.321295	1:180936513:180938555:clu_46838_+	ENSG00000135835
181017115	A	G	rs10797663	0.124562	0.103391	0.0672173	1:180936513:180938555:clu_46838_+	ENSG00000135835
181018388	C	CA	rs1337679208	0.0218523	-0.563986	0.245294	1:180936513:180938555:clu_46838_+	ENSG00000135835
181018612	G	A	rs72709648	0.101442	-0.325634	0.198491	1:180936513:180938555:clu_46838_+	ENSG00000135835
181019255	C	T	rs3845421	0.0697781	0.116175	0.0639465	1:180936513:180938555:clu_46838_+	ENSG00000135835
181019353	G	GA	rs35983547	0.876758	-0.0143553	0.0925251	1:180936513:180938555:clu_46838_+	ENSG00000135835
181019353	G	GA	rs369016384	0.876758	-0.0143553	0.0925251	1:180936513:180938555:clu_46838_+	ENSG00000135835
181019500	C	T	rs10797664	0.724281	0.0242422	0.0686909	1:180936513:180938555:clu_46838_+	ENSG00000135835
181020214	C	CA	rs113021127	0.453443	0.167114	0.222758	1:180936513:180938555:clu_46838_+	ENSG00000135835
181022529	C	G	rs12565758	0.805211	0.0161767	0.0655662	1:180936513:180938555:clu_46838_+	ENSG00000135835
181022849	G	A	rs140500084	0.132776	-0.418768	0.278179	1:180936513:180938555:clu_46838_+	ENSG00000135835
181023338	C	G	rs73050326	0.113228	0.27664	0.174395	1:180936513:180938555:clu_46838_+	ENSG00000135835
181024570	G	C	rs71630293	0.25389	-0.221299	0.193764	1:180936513:180938555:clu_46838_+	ENSG00000135835
181025014	GCTTCC	G	rs55911850	0.106167	0.119399	0.0737839	1:180936513:180938555:clu_46838_+	ENSG00000135835
181025454	G	A	rs2331902	0.59611	-0.0541571	0.102126	1:180936513:180938555:clu_46838_+	ENSG00000135835
181026022	A	ATG	rs148449215	0.112236	0.470314	0.295669	1:180936513:180938555:clu_46838_+	ENSG00000135835
181026022	A	ATG	rs761425421	0.112236	0.470314	0.295669	1:180936513:180938555:clu_46838_+	ENSG00000135835
181026172	C	CT	rs1470827759	0.651405	0.113067	0.250121	1:180936513:180938555:clu_46838_+	ENSG00000135835
181026174	T	TTC	rs200710261	0.924605	-0.0158252	0.16715	1:180936513:180938555:clu_46838_+	ENSG00000135835
181026175	T	TC	rs34161614	0.880366	0.0108786	0.0722483	1:180936513:180938555:clu_46838_+	ENSG00000135835
181026305	A	G	rs12073184	0.860658	0.0116503	0.0663397	1:180936513:180938555:clu_46838_+	ENSG00000135835
181026895	TAATTTTTTATTTTTTA	T	rs200506369	0.867139	0.0111161	0.0664166	1:180936513:180938555:clu_46838_+	ENSG00000135835
181026895	TAATTTTTTATTTTTTA	T	rs6143505	0.867139	0.0111161	0.0664166	1:180936513:180938555:clu_46838_+	ENSG00000135835
181026910	T	A	rs10218681	0.106543	0.11928	0.0737899	1:180936513:180938555:clu_46838_+	ENSG00000135835
181027215	C	CA	rs61645802	0.128199	0.0995578	0.0653501	1:180936513:180938555:clu_46838_+	ENSG00000135835
181027215	C	CA	rs398074462	0.128199	0.0995578	0.0653501	1:180936513:180938555:clu_46838_+	ENSG00000135835
181027215	C	CA	rs397815431	0.128199	0.0995578	0.0653501	1:180936513:180938555:clu_46838_+	ENSG00000135835
181028128	T	C	rs114627477	0.110744	0.279847	0.175196	1:180936513:180938555:clu_46838_+	ENSG00000135835
181028998	AAAAT	A	rs139200847	0.294288	0.0776894	0.0740092	1:180936513:180938555:clu_46838_+	ENSG00000135835
181028998	AAAAT	A	rs148398609	0.294288	0.0776894	0.0740092	1:180936513:180938555:clu_46838_+	ENSG00000135835
181028998	AAAAT	A	rs59934723	0.294288	0.0776894	0.0740092	1:180936513:180938555:clu_46838_+	ENSG00000135835
181029433	C	T	rs184726489	0.734883	-0.105966	0.312766	1:180936513:180938555:clu_46838_+	ENSG00000135835
181029434	A	G	rs2225332	0.111582	0.10847	0.0680664	1:180936513:180938555:clu_46838_+	ENSG00000135835
181029472	T	C	rs73050327	0.107464	0.281388	0.174533	1:180936513:180938555:clu_46838_+	ENSG00000135835
181029992	T	G	rs10159055	0.100749	0.111702	0.0679495	1:180936513:180938555:clu_46838_+	ENSG00000135835
181030026	T	C	rs10159057	0.864787	-0.0481144	0.282427	1:180936513:180938555:clu_46838_+	ENSG00000135835
181030075	C	T	rs146025089	0.775263	-0.0239266	0.0837671	1:180936513:180938555:clu_46838_+	ENSG00000135835
181030192	T	C	rs61809195	0.14871	-0.34827	0.240841	1:180936513:180938555:clu_46838_+	ENSG00000135835
181030215	T	C	rs10159067	0.0564749	0.119292	0.062416	1:180936513:180938555:clu_46838_+	ENSG00000135835
181030489	G	GACACAC	rs552627551	0.808196	0.0276917	0.11402	1:180936513:180938555:clu_46838_+	ENSG00000135835
181030489	G	GACACACAC	rs552627551	0.957063	0.00788891	0.146461	1:180936513:180938555:clu_46838_+	ENSG00000135835
181030495	G	C	rs12564093	0.767599	0.0198157	0.0670225	1:180936513:180938555:clu_46838_+	ENSG00000135835
181030495	G	GACAC	rs1481927748	0.287901	0.117227	0.110204	1:180936513:180938555:clu_46838_+	ENSG00000135835
181030495	G	GACAC	rs59645715	0.287901	0.117227	0.110204	1:180936513:180938555:clu_46838_+	ENSG00000135835
181030495	G	GACACACAC	rs1481927748	0.891962	0.0299238	0.220219	1:180936513:180938555:clu_46838_+	ENSG00000135835
181030495	G	GACACACAC	rs59645715	0.891962	0.0299238	0.220219	1:180936513:180938555:clu_46838_+	ENSG00000135835
181030495	GAC	G	rs61345145	0.24891	-0.0757897	0.0656656	1:180936513:180938555:clu_46838_+	ENSG00000135835
181030495	GAC	G	rs796433368	0.24891	-0.0757897	0.0656656	1:180936513:180938555:clu_46838_+	ENSG00000135835
181031184	T	C	rs11804998	0.101467	0.114718	0.069932	1:180936513:180938555:clu_46838_+	ENSG00000135835
181031209	C	CCTTTCTTTCTTT	rs57383844	0.226063	0.078664	0.0649111	1:180936513:180938555:clu_46838_+	ENSG00000135835
181031209	C	CGTTTCTTTCTTT	rs57383844	0.789228	0.017805	0.0665762	1:180936513:180938555:clu_46838_+	ENSG00000135835
181031479	C	G	rs113412519	0.104583	0.283455	0.174368	1:180936513:180938555:clu_46838_+	ENSG00000135835
181032800	A	G	rs79851843	0.679894	-0.0937118	0.227004	1:180936513:180938555:clu_46838_+	ENSG00000135835
181033343	C	T	rs3806284	0.0950227	0.115217	0.0688995	1:180936513:180938555:clu_46838_+	ENSG00000135835
181033435	G	GT	rs3840436	0.144983	0.0988144	0.0677051	1:180936513:180938555:clu_46838_+	ENSG00000135835
181033435	G	GT	rs397982159	0.144983	0.0988144	0.0677051	1:180936513:180938555:clu_46838_+	ENSG00000135835
181033612	G	C	rs3806283	0.0992425	0.115413	0.0698952	1:180936513:180938555:clu_46838_+	ENSG00000135835
181034204	A	AG	rs61482628	0.0992425	0.115413	0.0698952	1:180936513:180938555:clu_46838_+	ENSG00000135835
181034480	T	TTCC	rs10685487	0.145979	0.0985903	0.0677193	1:180936513:180938555:clu_46838_+	ENSG00000135835
181034691	CT	C	rs34787270	0.817646	0.0150633	0.0652993	1:180936513:180938555:clu_46838_+	ENSG00000135835
181035888	A	C	rs7535177	0.103832	0.114041	0.0700003	1:180936513:180938555:clu_46838_+	ENSG00000135835
181035957	T	C	rs55764324	0.0387317	0.144099	0.0695521	1:180936513:180938555:clu_46838_+	ENSG00000135835
181035996	C	G	rs113343016	0.612379	-0.0864265	0.17048	1:180936513:180938555:clu_46838_+	ENSG00000135835
181036508	G	A	rs6692913	0.695418	0.0252145	0.0643703	1:180936513:180938555:clu_46838_+	ENSG00000135835
181036798	G	A	rs2183424	0.765828	-0.0284791	0.0955745	1:180936513:180938555:clu_46838_+	ENSG00000135835
181037794	A	G	rs1411479	0.135428	0.10171	0.0680266	1:180936513:180938555:clu_46838_+	ENSG00000135835
181038871	C	T	rs11589765	0.824786	0.01451	0.0655092	1:180936513:180938555:clu_46838_+	ENSG00000135835
181039005	G	C	rs111682345	0.524573	0.069946	0.109857	1:180936513:180938555:clu_46838_+	ENSG00000135835
181039780	T	C	rs11584852	0.138194	0.101726	0.0685196	1:180936513:180938555:clu_46838_+	ENSG00000135835
181039865	C	CA	rs35762032	0.0181966	0.162887	0.0687747	1:180936513:180938555:clu_46838_+	ENSG00000135835
181039865	C	CA	rs67517228	0.0181966	0.162887	0.0687747	1:180936513:180938555:clu_46838_+	ENSG00000135835
181040330	A	C	rs12752307	0.1604	0.0954995	0.0679442	1:180936513:180938555:clu_46838_+	ENSG00000135835
181040488	A	G	rs16856661	0.0958141	0.116559	0.0698689	1:180936513:180938555:clu_46838_+	ENSG00000135835
181040527	C	T	rs72709651	0.519051	0.146358	0.226839	1:180936513:180938555:clu_46838_+	ENSG00000135835
181040965	T	C	rs55903939	0.114097	0.110634	0.0699125	1:180936513:180938555:clu_46838_+	ENSG00000135835
181041081	C	CAATA	rs1046071963	0.991417	0.00237789	0.220948	1:180936513:180938555:clu_46838_+	ENSG00000135835
181041081	CAATA	C	rs138768309	0.625574	0.0349091	0.0715013	1:180936513:180938555:clu_46838_+	ENSG00000135835
181041081	CAATA	C	rs760179554	0.625574	0.0349091	0.0715013	1:180936513:180938555:clu_46838_+	ENSG00000135835
181041081	CAATA	C	rs67376455	0.625574	0.0349091	0.0715013	1:180936513:180938555:clu_46838_+	ENSG00000135835
181041081	CAATAAATA	C	rs146068770	0.129921	0.10971	0.0723395	1:180936513:180938555:clu_46838_+	ENSG00000135835
181041081	CAATAAATA	C	rs56248336	0.129921	0.10971	0.0723395	1:180936513:180938555:clu_46838_+	ENSG00000135835
181041306	A	G	rs16856663	0.113781	0.110729	0.0699113	1:180936513:180938555:clu_46838_+	ENSG00000135835
181042030	G	A	rs12036052	0.468913	-0.0779357	0.107537	1:180936513:180938555:clu_46838_+	ENSG00000135835
181042200	A	AT	rs1165216845	0.108938	0.276322	0.17211	1:180936513:180938555:clu_46838_+	ENSG00000135835
181042200	AT	A	rs1162528552	0.622423	0.159741	0.324224	1:180936513:180938555:clu_46838_+	ENSG00000135835
181042200	ATT	A	rs373949499	0.461503	-0.0758448	0.102928	1:180936513:180938555:clu_46838_+	ENSG00000135835
181042351	G	T	rs12036171	0.772611	-0.0286275	0.0990235	1:180936513:180938555:clu_46838_+	ENSG00000135835
181042373	A	G	rs6667291	0.174391	0.0826203	0.0607537	1:180936513:180938555:clu_46838_+	ENSG00000135835
181042393	G	T	rs6678384	0.590822	0.0371968	0.0691455	1:180936513:180938555:clu_46838_+	ENSG00000135835
181042505	CA	C	rs143757115	0.096433	0.120088	0.0721188	1:180936513:180938555:clu_46838_+	ENSG00000135835
181042618	G	A	rs56030303	0.113781	0.110729	0.0699113	1:180936513:180938555:clu_46838_+	ENSG00000135835
181042777	A	G	rs56089565	0.0479161	0.137638	0.069431	1:180936513:180938555:clu_46838_+	ENSG00000135835
181042786	G	A	rs10910851	0.459003	-0.0762915	0.102959	1:180936513:180938555:clu_46838_+	ENSG00000135835
181042875	A	G	rs73050344	0.553277	0.140649	0.237099	1:180936513:180938555:clu_46838_+	ENSG00000135835
181043093	A	G	rs12134601	0.0472056	0.136128	0.0684492	1:180936513:180938555:clu_46838_+	ENSG00000135835
181043336	T	C	rs10159443	0.114097	0.110634	0.0699125	1:180936513:180938555:clu_46838_+	ENSG00000135835
181043572	C	CAT	rs10645954	0.114097	0.110634	0.0699125	1:180936513:180938555:clu_46838_+	ENSG00000135835
181043661	C	T	rs6658363	0.114635	0.110494	0.0699281	1:180936513:180938555:clu_46838_+	ENSG00000135835
181043662	G	A	rs115275128	0.938914	-0.0150604	0.196436	1:180936513:180938555:clu_46838_+	ENSG00000135835
181043835	G	A	rs3845422	0.114097	0.110634	0.0699125	1:180936513:180938555:clu_46838_+	ENSG00000135835
181043941	AT	A	rs5779078	0.0996473	0.114978	0.0697153	1:180936513:180938555:clu_46838_+	ENSG00000135835
181043961	CT	C	rs11347634	0.667042	-0.0296775	0.0689477	1:180936513:180938555:clu_46838_+	ENSG00000135835
181043961	CT	C	rs397982161	0.667042	-0.0296775	0.0689477	1:180936513:180938555:clu_46838_+	ENSG00000135835
181044242	C	A	rs6425661	0.815847	0.0154371	0.0662544	1:180936513:180938555:clu_46838_+	ENSG00000135835
181045103	C	G	rs3892173	0.0522275	0.135298	0.0695505	1:180936513:180938555:clu_46838_+	ENSG00000135835
181046197	A	C	rs12041646	0.816109	-0.023206	0.0997423	1:180936513:180938555:clu_46838_+	ENSG00000135835
181046464	A	C	rs61809217	0.552517	0.0410189	0.0690154	1:180936513:180938555:clu_46838_+	ENSG00000135835
181047367	G	A	rs61809220	0.578904	0.0782739	0.140957	1:180936513:180938555:clu_46838_+	ENSG00000135835
181047393	A	G	rs6684455	0.288611	0.0742694	0.0699229	1:180936513:180938555:clu_46838_+	ENSG00000135835
181047638	C	T	rs12727543	0.657261	0.03081	0.0694026	1:180936513:180938555:clu_46838_+	ENSG00000135835
181048075	A	G	rs4651081	0.371995	0.0581833	0.0651223	1:180936513:180938555:clu_46838_+	ENSG00000135835
181048111	T	C	rs10797665	0.199133	0.0917036	0.071336	1:180936513:180938555:clu_46838_+	ENSG00000135835
181048212	A	G	rs6669505	0.210452	0.0900223	0.0718034	1:180936513:180938555:clu_46838_+	ENSG00000135835
181048224	T	TAAATA	rs150048614	0.31582	0.0733468	0.073057	1:180936513:180938555:clu_46838_+	ENSG00000135835
181048224	T	TAAATA	rs10700002	0.31582	0.0733468	0.073057	1:180936513:180938555:clu_46838_+	ENSG00000135835
181048307	G	A	rs12079484	0.134051	0.099266	0.0661576	1:180936513:180938555:clu_46838_+	ENSG00000135835
181048412	G	A	rs113922712	0.335496	-0.165017	0.171194	1:180936513:180938555:clu_46838_+	ENSG00000135835
181048527	T	C	rs56183710	0.854984	-0.0192601	0.105335	1:180936513:180938555:clu_46838_+	ENSG00000135835
181048534	C	CA	rs200449698	0.588191	-0.0489588	0.090369	1:180936513:180938555:clu_46838_+	ENSG00000135835
181048667	C	T	rs12060051	0.23013	-0.192119	0.159925	1:180936513:180938555:clu_46838_+	ENSG00000135835
181048697	G	A	rs7534968	0.827636	-0.0409564	0.188016	1:180936513:180938555:clu_46838_+	ENSG00000135835
181048711	G	A	rs2236413	0.599342	0.0481326	0.0915692	1:180936513:180938555:clu_46838_+	ENSG00000135835
181048723	CT	C	rs551777963	0.147652	-0.415126	0.286325	1:180936513:180938555:clu_46838_+	ENSG00000135835
181048937	G	C	rs58860674	0.941591	0.0213201	0.290849	1:180936513:180938555:clu_46838_+	ENSG00000135835
181048960	T	C	rs2236412	0.470033	0.0936825	0.129591	1:180936513:180938555:clu_46838_+	ENSG00000135835
181049044	C	G	rs2236411	0.876421	-0.0156802	0.100787	1:180936513:180938555:clu_46838_+	ENSG00000135835
181049100	A	G	rs2236410	0.919972	0.00854188	0.0849822	1:180936513:180938555:clu_46838_+	ENSG00000135835
181049122	G	A	rs3863720	0.672045	0.0841663	0.198711	1:180936513:180938555:clu_46838_+	ENSG00000135835
181049146	T	C	rs61731101	0.222015	-0.289128	0.236501	1:180936513:180938555:clu_46838_+	ENSG00000135835
181049663	A	C	rs10797666	0.570311	-0.0370496	0.065237	1:180936513:180938555:clu_46838_+	ENSG00000135835
181050066	C	T	rs61731104	0.0669788	-0.395663	0.215583	1:180936513:180938555:clu_46838_+	ENSG00000135835
181050117	T	C	rs61731103	0.0637528	-0.400527	0.215625	1:180936513:180938555:clu_46838_+	ENSG00000135835
181050541	G	A	rs76696261	0.318637	-0.169449	0.169766	1:180936513:180938555:clu_46838_+	ENSG00000135835
181050978	TA	T	rs202192674	0.819279	0.0252292	0.110375	1:180936513:180938555:clu_46838_+	ENSG00000135835
181051045	T	C	rs3789359	0.350948	0.127074	0.136124	1:180936513:180938555:clu_46838_+	ENSG00000135835
181051094	G	A	rs1052632	0.509532	-0.043055	0.0652367	1:180936513:180938555:clu_46838_+	ENSG00000135835
181051181	C	T	rs3789357	0.354304	0.125473	0.13535	1:180936513:180938555:clu_46838_+	ENSG00000135835
181051216	TG	T	rs573661793	0.139048	-0.422587	0.285259	1:180936513:180938555:clu_46838_+	ENSG00000135835
181051452	C	A	rs6667601	0.231232	-0.281415	0.234812	1:180936513:180938555:clu_46838_+	ENSG00000135835
181052347	C	T	rs35223984	0.346343	0.217038	0.230283	1:180936513:180938555:clu_46838_+	ENSG00000135835
181052721	C	T	rs3845423	0.49569	-0.0445894	0.0654068	1:180936513:180938555:clu_46838_+	ENSG00000135835
181052898	C	A	rs139847219	0.139048	-0.422587	0.285259	1:180936513:180938555:clu_46838_+	ENSG00000135835
181052911	A	T	rs143252572	0.139048	-0.422587	0.285259	1:180936513:180938555:clu_46838_+	ENSG00000135835
181052936	G	A	rs111999364	0.772486	-0.0536119	0.18534	1:180936513:180938555:clu_46838_+	ENSG00000135835
181053254	C	T	rs6674136	0.299862	-0.0669208	0.0644912	1:180936513:180938555:clu_46838_+	ENSG00000135835
181053296	C	T	rs59252681	0.241891	-0.275172	0.234891	1:180936513:180938555:clu_46838_+	ENSG00000135835
181053381	CA	C	rs35459172	0.519518	-0.0424187	0.0658177	1:180936513:180938555:clu_46838_+	ENSG00000135835
181053381	CA	C	rs796563809	0.519518	-0.0424187	0.0658177	1:180936513:180938555:clu_46838_+	ENSG00000135835
181053759	C	A	rs2275469	0.49569	-0.0445894	0.0654068	1:180936513:180938555:clu_46838_+	ENSG00000135835
181053771	G	A	rs187522902	0.139048	-0.422587	0.285259	1:180936513:180938555:clu_46838_+	ENSG00000135835
181053960	T	C	rs7545452	0.241891	-0.275172	0.234891	1:180936513:180938555:clu_46838_+	ENSG00000135835
181054469	C	T	rs2877545	0.376878	0.119378	0.134989	1:180936513:180938555:clu_46838_+	ENSG00000135835
181054554	G	A	rs2331993	0.377612	0.11926	0.135064	1:180936513:180938555:clu_46838_+	ENSG00000135835
181054572	C	T	rs2331994	0.839026	0.0135417	0.0666316	1:180936513:180938555:clu_46838_+	ENSG00000135835
181054625	G	T	rs28540353	0.0677198	-0.39249	0.214435	1:180936513:180938555:clu_46838_+	ENSG00000135835
181054698	T	TA	rs11400602	0.622518	-0.0320788	0.0651276	1:180936513:180938555:clu_46838_+	ENSG00000135835
181054698	T	TA	rs397763260	0.622518	-0.0320788	0.0651276	1:180936513:180938555:clu_46838_+	ENSG00000135835
181055268	G	A	rs3747956	0.862026	-0.0111269	0.0639941	1:180936513:180938555:clu_46838_+	ENSG00000135835
181055392	G	A	rs75073791	0.772486	-0.0536119	0.18534	1:180936513:180938555:clu_46838_+	ENSG00000135835
181055727	A	G	rs73050362	0.193181	-0.177079	0.135926	1:180936513:180938555:clu_46838_+	ENSG00000135835
181055974	T	C	rs16856699	0.45987	0.0543232	0.0734533	1:180936513:180938555:clu_46838_+	ENSG00000135835
181056269	CAG	C	rs199592637	0.55109	-0.191839	0.321617	1:180936513:180938555:clu_46838_+	ENSG00000135835
181056364	A	AAAT	rs10644947	0.896686	-0.0125615	0.0966964	1:180936513:180938555:clu_46838_+	ENSG00000135835
181056364	A	AAAT	rs764980843	0.896686	-0.0125615	0.0966964	1:180936513:180938555:clu_46838_+	ENSG00000135835
181056364	A	AAATAAT	rs10644947	0.381602	-0.119472	0.136442	1:180936513:180938555:clu_46838_+	ENSG00000135835
181056364	AAAT	A	rs1301390389	0.30595	-0.152378	0.148708	1:180936513:180938555:clu_46838_+	ENSG00000135835
181056364	AAATAATAATAATAAT	A	rs150588456	0.883169	-0.00971756	0.0660975	1:180936513:180938555:clu_46838_+	ENSG00000135835
181056364	AAATAATAATAATAAT	A	rs61710370	0.883169	-0.00971756	0.0660975	1:180936513:180938555:clu_46838_+	ENSG00000135835
181056405	A	ATAG	rs71121068	0.475583	-0.129588	0.181522	1:180936513:180938555:clu_46838_+	ENSG00000135835
181056686	C	T	rs75395204	0.227148	-0.275293	0.227696	1:180936513:180938555:clu_46838_+	ENSG00000135835
181056717	T	C	rs80258195	0.174447	-0.30629	0.225255	1:180936513:180938555:clu_46838_+	ENSG00000135835
181056895	G	A	rs55700376	0.442324	-0.0865636	0.112594	1:180936513:180938555:clu_46838_+	ENSG00000135835
181057102	G	A	rs4652551	0.619843	0.0305579	0.061566	1:180936513:180938555:clu_46838_+	ENSG00000135835
181057120	CA	C	rs11290542	0.365887	0.0563773	0.0623004	1:180936513:180938555:clu_46838_+	ENSG00000135835
181057120	CA	C	rs398049819	0.365887	0.0563773	0.0623004	1:180936513:180938555:clu_46838_+	ENSG00000135835
181057185	C	T	rs79625323	0.254333	-0.267223	0.234193	1:180936513:180938555:clu_46838_+	ENSG00000135835
181057422	G	A	rs4652552	0.0407777	0.124265	0.0606041	1:180936513:180938555:clu_46838_+	ENSG00000135835
181057568	C	T	rs4652553	0.113707	0.096489	0.060908	1:180936513:180938555:clu_46838_+	ENSG00000135835
181057950	T	C	rs7541386	0.315995	0.0626125	0.0623877	1:180936513:180938555:clu_46838_+	ENSG00000135835
181058033	T	C	rs55709702	0.442275	-0.0865738	0.112595	1:180936513:180938555:clu_46838_+	ENSG00000135835
181058191	T	A	rs6688275	0.323215	0.0616972	0.0624006	1:180936513:180938555:clu_46838_+	ENSG00000135835
181058308	C	CT	rs1384986542	0.00634655	-0.406889	0.148529	1:180936513:180938555:clu_46838_+	ENSG00000135835
181058308	C	CT	rs57085459	0.00634655	-0.406889	0.148529	1:180936513:180938555:clu_46838_+	ENSG00000135835
181058323	A	G	rs56181125	0.323436	-0.117588	0.118983	1:180936513:180938555:clu_46838_+	ENSG00000135835
181058351	GT	G	rs796194432	0.177369	-0.304123	0.225182	1:180936513:180938555:clu_46838_+	ENSG00000135835
181058351	GT	G	rs59908347	0.177369	-0.304123	0.225182	1:180936513:180938555:clu_46838_+	ENSG00000135835
181058423	G	A	rs2282347	0.700432	-0.0317541	0.0824932	1:180936513:180938555:clu_46838_+	ENSG00000135835
181058705	A	G	rs6686208	0.393965	0.053658	0.0628981	1:180936513:180938555:clu_46838_+	ENSG00000135835
181058789	G	T	rs2282348	0.429964	-0.0883425	0.111852	1:180936513:180938555:clu_46838_+	ENSG00000135835
181058987	A	G	rs2282349	0.431961	-0.0882755	0.112253	1:180936513:180938555:clu_46838_+	ENSG00000135835
181059327	G	C	rs146985604	0.137298	-0.424297	0.285143	1:180936513:180938555:clu_46838_+	ENSG00000135835
181059345	T	C	rs147680880	0.137298	-0.424297	0.285143	1:180936513:180938555:clu_46838_+	ENSG00000135835
181059597	T	C	rs10797667	0.121213	0.0953046	0.0614071	1:180936513:180938555:clu_46838_+	ENSG00000135835
181059732	C	A	rs75930463	0.206259	0.283797	0.224282	1:180936513:180938555:clu_46838_+	ENSG00000135835
181059917	C	T	rs12029214	0.121213	0.0953046	0.0614071	1:180936513:180938555:clu_46838_+	ENSG00000135835
181059946	G	A	rs3170905	0.0181361	0.149288	0.0629997	1:180936513:180938555:clu_46838_+	ENSG00000135835
181060129	CCCT	C	rs67701914	0.0525404	0.127139	0.0654434	1:180936513:180938555:clu_46838_+	ENSG00000135835
181060129	CCCT	C	rs398053574	0.0525404	0.127139	0.0654434	1:180936513:180938555:clu_46838_+	ENSG00000135835
181060575	G	A	rs17302583	0.170457	-0.27387	0.199546	1:180936513:180938555:clu_46838_+	ENSG00000135835
181060669	C	T	rs10158612	0.897571	-0.0103235	0.0801591	1:180936513:180938555:clu_46838_+	ENSG00000135835
181060721	A	G	rs17302590	0.431961	-0.0882755	0.112253	1:180936513:180938555:clu_46838_+	ENSG00000135835
181060979	C	T	rs10158625	0.121213	0.0953046	0.0614071	1:180936513:180938555:clu_46838_+	ENSG00000135835
181061230	C	T	rs115874785	0.0550616	-0.406788	0.211612	1:180936513:180938555:clu_46838_+	ENSG00000135835
181061363	A	G	rs4048650	0.47491	0.0451421	0.063137	1:180936513:180938555:clu_46838_+	ENSG00000135835
181061489	T	C	rs139459625	0.711715	-0.106556	0.288192	1:180936513:180938555:clu_46838_+	ENSG00000135835
181061649	A	G	rs61100665	0.639676	-0.0774107	0.165265	1:180936513:180938555:clu_46838_+	ENSG00000135835
181062036	T	C	rs3856063	0.46625	0.0462277	0.0634053	1:180936513:180938555:clu_46838_+	ENSG00000135835
181062076	C	T	rs3856064	0.124198	0.0937282	0.060876	1:180936513:180938555:clu_46838_+	ENSG00000135835
181062328	C	T	rs79438954	0.0385075	0.545068	0.262783	1:180936513:180938555:clu_46838_+	ENSG00000135835
181062573	T	C	rs3936940	0.654289	0.0288188	0.0643209	1:180936513:180938555:clu_46838_+	ENSG00000135835
181062647	G	A	rs3936939	0.277571	0.0649299	0.0597424	1:180936513:180938555:clu_46838_+	ENSG00000135835
181062661	G	A	rs3936938	0.473552	0.045168	0.0629794	1:180936513:180938555:clu_46838_+	ENSG00000135835
181062725	C	T	rs7540790	0.249036	-0.158705	0.137542	1:180936513:180938555:clu_46838_+	ENSG00000135835
181062798	A	G	rs7552325	0.669621	-0.0325001	0.0761322	1:180936513:180938555:clu_46838_+	ENSG00000135835
181062885	AAC	A	rs142864771	0.0462316	-0.348303	0.174359	1:180936513:180938555:clu_46838_+	ENSG00000135835
181062885	AAC	A	rs10592347	0.0462316	-0.348303	0.174359	1:180936513:180938555:clu_46838_+	ENSG00000135835
181063019	C	T	rs4652554	0.0923337	0.101855	0.0604108	1:180936513:180938555:clu_46838_+	ENSG00000135835
181063169	G	A	rs10910855	0.396814	-0.136433	0.160896	1:180936513:180938555:clu_46838_+	ENSG00000135835
181063430	A	C	rs12240234	0.189904	-0.295043	0.224808	1:180936513:180938555:clu_46838_+	ENSG00000135835
181063467	T	C	rs66477852	0.754813	-0.0248162	0.0794249	1:180936513:180938555:clu_46838_+	ENSG00000135835
181063983	CAA	C	rs1183726935	0.998424	-0.000360273	0.182335	1:180936513:180938555:clu_46838_+	ENSG00000135835
181063983	CAAAAAAAA	C	rs1232619743	0.0115443	0.165965	0.0654964	1:180936513:180938555:clu_46838_+	ENSG00000135835
181063983	CAAAAAAAA	C	rs751776034	0.0115443	0.165965	0.0654964	1:180936513:180938555:clu_46838_+	ENSG00000135835
181063999	A	G	rs868631307	0.0603091	-0.221133	0.117483	1:180936513:180938555:clu_46838_+	ENSG00000135835
181064001	A	G	rs55801237	0.784766	-0.0221263	0.0809771	1:180936513:180938555:clu_46838_+	ENSG00000135835
181064181	G	A	rs10158241	0.111721	-0.112413	0.0705683	1:180936513:180938555:clu_46838_+	ENSG00000135835
181064216	G	A	rs74134317	0.353788	-0.148852	0.160397	1:180936513:180938555:clu_46838_+	ENSG00000135835
181064356	A	C	rs74134318	0.347007	-0.150984	0.160418	1:180936513:180938555:clu_46838_+	ENSG00000135835
181064455	T	C	rs12240122	0.0777677	-0.20889	0.11822	1:180936513:180938555:clu_46838_+	ENSG00000135835
181064561	A	C	rs10157047	0.330371	0.0617288	0.0633637	1:180936513:180938555:clu_46838_+	ENSG00000135835
181065036	T	C	rs145736378	0.317801	-0.277457	0.277496	1:180936513:180938555:clu_46838_+	ENSG00000135835
181065445	C	CA	rs1296517094	0.582068	-0.156424	0.284057	1:180936513:180938555:clu_46838_+	ENSG00000135835
181065582	GCACGC	G	rs200613745	0.739584	0.020902	0.0628506	1:180936513:180938555:clu_46838_+	ENSG00000135835
181065582	GCACGC	G	rs56351607	0.739584	0.020902	0.0628506	1:180936513:180938555:clu_46838_+	ENSG00000135835
181065591	TGCACG	T	rs55827371	0.739584	0.020902	0.0628506	1:180936513:180938555:clu_46838_+	ENSG00000135835
181065636	C	CAT	rs56096670	0.423582	-0.0647109	0.080808	1:180936513:180938555:clu_46838_+	ENSG00000135835
181065770	A	T	rs55633069	0.480185	-0.0589604	0.0834581	1:180936513:180938555:clu_46838_+	ENSG00000135835
181066138	A	T	rs10157276	0.0154653	-0.158292	0.0651785	1:180936513:180938555:clu_46838_+	ENSG00000135835
181066185	G	A	rs12140255	0.149807	-0.193733	0.134335	1:180936513:180938555:clu_46838_+	ENSG00000135835
181066202	C	A	rs12125406	0.0718629	-0.21139	0.117222	1:180936513:180938555:clu_46838_+	ENSG00000135835
181066297	G	A	rs74919340	0.31707	-0.27776	0.277378	1:180936513:180938555:clu_46838_+	ENSG00000135835
181066614	T	C	rs12096713	0.36543	-0.144777	0.159836	1:180936513:180938555:clu_46838_+	ENSG00000135835
181066618	A	G	rs10797668	0.0380871	-0.137096	0.0659516	1:180936513:180938555:clu_46838_+	ENSG00000135835
181066661	A	AT	rs1491547319	0.83058	-0.038419	0.179481	1:180936513:180938555:clu_46838_+	ENSG00000135835
181066661	A	AT	rs566433082	0.83058	-0.038419	0.179481	1:180936513:180938555:clu_46838_+	ENSG00000135835
181066661	AT	A	rs11301522	0.314215	0.0627851	0.0623297	1:180936513:180938555:clu_46838_+	ENSG00000135835
181066661	AT	A	rs768833188	0.314215	0.0627851	0.0623297	1:180936513:180938555:clu_46838_+	ENSG00000135835
181066661	ATT	A	rs201699612	0.292823	0.18951	0.179985	1:180936513:180938555:clu_46838_+	ENSG00000135835
181066722	C	T	rs12239393	0.0709745	-0.211958	0.117167	1:180936513:180938555:clu_46838_+	ENSG00000135835
181066723	G	T	rs28369046	0.480185	-0.0589604	0.0834581	1:180936513:180938555:clu_46838_+	ENSG00000135835
181066727	T	A	rs6667784	0.0185139	0.147289	0.062359	1:180936513:180938555:clu_46838_+	ENSG00000135835
181066830	T	G	rs12096811	0.36543	-0.144777	0.159836	1:180936513:180938555:clu_46838_+	ENSG00000135835
181066863	T	C	rs12410943	0.0193335	0.146404	0.062414	1:180936513:180938555:clu_46838_+	ENSG00000135835
181066950	G	A	rs111293471	0.480185	-0.0589604	0.0834581	1:180936513:180938555:clu_46838_+	ENSG00000135835
181067073	T	A	rs2877546	0.0706376	-0.119328	0.0658841	1:180936513:180938555:clu_46838_+	ENSG00000135835
181067625	G	A	rs10797669	0.0705906	-0.11931	0.0658632	1:180936513:180938555:clu_46838_+	ENSG00000135835
181067785	G	A	rs12142277	0.201108	-0.144882	0.113199	1:180936513:180938555:clu_46838_+	ENSG00000135835
181067842	G	A	rs11810409	0.480185	-0.0589604	0.0834581	1:180936513:180938555:clu_46838_+	ENSG00000135835
181067991	T	A	rs12116467	0.199102	-0.14547	0.113153	1:180936513:180938555:clu_46838_+	ENSG00000135835
181068203	T	G	rs72709660	0.447356	-0.0738947	0.0971844	1:180936513:180938555:clu_46838_+	ENSG00000135835
181068342	C	T	rs12127532	0.0770811	-0.210604	0.118913	1:180936513:180938555:clu_46838_+	ENSG00000135835
181068382	T	C	rs77705655	0.315299	-0.278546	0.277147	1:180936513:180938555:clu_46838_+	ENSG00000135835
181068401	A	G	rs56171134	0.483132	-0.0585022	0.0833683	1:180936513:180938555:clu_46838_+	ENSG00000135835
181068721	A	G	rs58665199	0.190564	-0.148397	0.113239	1:180936513:180938555:clu_46838_+	ENSG00000135835
181068884	ATTAT	A	rs143063966	0.577186	-0.127469	0.228514	1:180936513:180938555:clu_46838_+	ENSG00000135835
181068887	AT	A	rs59527784	0.348095	0.0582798	0.0620615	1:180936513:180938555:clu_46838_+	ENSG00000135835
181068887	AT	A	rs397982162	0.348095	0.0582798	0.0620615	1:180936513:180938555:clu_46838_+	ENSG00000135835
181068950	C	T	rs11804504	0.480972	-0.0588196	0.0834081	1:180936513:180938555:clu_46838_+	ENSG00000135835
181068958	C	CGCAAA	rs145563544	0.565047	-0.131416	0.228272	1:180936513:180938555:clu_46838_+	ENSG00000135835
181068958	C	CGCAAA	rs371060256	0.565047	-0.131416	0.228272	1:180936513:180938555:clu_46838_+	ENSG00000135835
181069092	G	A	rs143749585	0.130313	-0.210018	0.138621	1:180936513:180938555:clu_46838_+	ENSG00000135835
181069330	T	A	rs6659353	0.0610759	-0.123798	0.0659677	1:180936513:180938555:clu_46838_+	ENSG00000135835
181069586	C	T	rs111939283	0.629903	-0.0803622	0.166684	1:180936513:180938555:clu_46838_+	ENSG00000135835
181069617	G	A	rs6668163	0.0610759	-0.123798	0.0659677	1:180936513:180938555:clu_46838_+	ENSG00000135835
181069783	G	GA	rs1291662988	0.014714	0.153127	0.0625827	1:180936513:180938555:clu_46838_+	ENSG00000135835
181069783	GA	G	rs1236262269	0.637693	-0.106715	0.226484	1:180936513:180938555:clu_46838_+	ENSG00000135835
181069903	G	A	rs12144382	0.062179	-0.122726	0.0656751	1:180936513:180938555:clu_46838_+	ENSG00000135835
181070007	T	C	rs114678972	0.552739	-0.135328	0.22782	1:180936513:180938555:clu_46838_+	ENSG00000135835
181070248	G	A	rs75379158	0.315299	-0.278546	0.277147	1:180936513:180938555:clu_46838_+	ENSG00000135835
181070392	C	T	rs17302632	0.14705	-0.194926	0.134246	1:180936513:180938555:clu_46838_+	ENSG00000135835
181070473	C	A	rs12405990	0.0609951	-0.12384	0.0659692	1:180936513:180938555:clu_46838_+	ENSG00000135835
181070492	A	G	rs2332059	0.26241	0.0717994	0.0640026	1:180936513:180938555:clu_46838_+	ENSG00000135835
181070580	C	T	rs12406001	0.0609951	-0.12384	0.0659692	1:180936513:180938555:clu_46838_+	ENSG00000135835
181070808	G	A	rs74746526	0.315299	-0.278546	0.277147	1:180936513:180938555:clu_46838_+	ENSG00000135835
181071154	C	CT	rs11452899	0.264503	-0.0884079	0.0791541	1:180936513:180938555:clu_46838_+	ENSG00000135835
181071154	C	CTT	rs11452899	0.0533048	0.117891	0.0608798	1:180936513:180938555:clu_46838_+	ENSG00000135835
181071154	C	CTT	rs386368893	0.0533048	0.117891	0.0608798	1:180936513:180938555:clu_46838_+	ENSG00000135835
181071154	C	CTT	rs386368894	0.0533048	0.117891	0.0608798	1:180936513:180938555:clu_46838_+	ENSG00000135835
181071154	C	CTT	rs61702520	0.0533048	0.117891	0.0608798	1:180936513:180938555:clu_46838_+	ENSG00000135835
181071452	G	C	rs4652556	0.644478	0.02901	0.0628341	1:180936513:180938555:clu_46838_+	ENSG00000135835
181071574	G	A	rs182042974	0.315299	-0.278546	0.277147	1:180936513:180938555:clu_46838_+	ENSG00000135835
181071581	T	C	rs12120504	0.0609951	-0.12384	0.0659692	1:180936513:180938555:clu_46838_+	ENSG00000135835
181071600	C	T	rs140083590	0.552058	-0.135541	0.227788	1:180936513:180938555:clu_46838_+	ENSG00000135835
181072031	A	AT	rs533807444	0.094254	-0.161668	0.0964512	1:180936513:180938555:clu_46838_+	ENSG00000135835
181072199	G	T	rs151254308	0.526443	-0.144378	0.227786	1:180936513:180938555:clu_46838_+	ENSG00000135835
181072217	A	G	rs7521821	0.139333	0.285397	0.192791	1:180936513:180938555:clu_46838_+	ENSG00000135835
181072325	C	T	rs113462585	0.35392	-0.1482	0.159738	1:180936513:180938555:clu_46838_+	ENSG00000135835
181072471	A	AT	rs770598328	0.0884536	-0.193868	0.113604	1:180936513:180938555:clu_46838_+	ENSG00000135835
181072471	A	AT	rs71743869	0.0884536	-0.193868	0.113604	1:180936513:180938555:clu_46838_+	ENSG00000135835
181072478	T	C	rs79313833	0.616401	0.123743	0.246877	1:180936513:180938555:clu_46838_+	ENSG00000135835
181072528	G	T	rs142534849	0.572284	-0.0908881	0.160859	1:180936513:180938555:clu_46838_+	ENSG00000135835
181072555	A	G	rs10910856	0.0609951	-0.12384	0.0659692	1:180936513:180938555:clu_46838_+	ENSG00000135835
181073225	G	C	rs6681513	0.649107	0.0286211	0.0628699	1:180936513:180938555:clu_46838_+	ENSG00000135835
181073523	G	T	rs141167844	0.312691	-0.27976	0.276857	1:180936513:180938555:clu_46838_+	ENSG00000135835
181073673	C	G	rs79617781	0.908908	-0.0201932	0.176411	1:180936513:180938555:clu_46838_+	ENSG00000135835
181073753	G	A	rs6682093	0.0130114	0.155756	0.0625205	1:180936513:180938555:clu_46838_+	ENSG00000135835
181073771	T	G	rs77365513	0.908908	-0.0201932	0.176411	1:180936513:180938555:clu_46838_+	ENSG00000135835
181073862	C	T	rs79120763	0.848597	-0.0390953	0.204692	1:180936513:180938555:clu_46838_+	ENSG00000135835
181073986	G	C	rs10910858	0.0130114	0.155756	0.0625205	1:180936513:180938555:clu_46838_+	ENSG00000135835
181073986	G	T	rs10910858	0.0613222	-0.123681	0.0659682	1:180936513:180938555:clu_46838_+	ENSG00000135835
181074115	C	T	rs10910859	0.0613222	-0.123681	0.0659682	1:180936513:180938555:clu_46838_+	ENSG00000135835
181074152	C	T	rs12564796	0.570226	0.0911117	0.160395	1:180936513:180938555:clu_46838_+	ENSG00000135835
181075136	A	G	rs9787100	0.0613222	-0.123681	0.0659682	1:180936513:180938555:clu_46838_+	ENSG00000135835
181075272	A	AT	rs201484315	0.347796	-0.149935	0.159565	1:180936513:180938555:clu_46838_+	ENSG00000135835
181075273	A	AT	rs765584573	0.129421	-0.106852	0.0703626	1:180936513:180938555:clu_46838_+	ENSG00000135835
181075273	A	AT	rs5779080	0.129421	-0.106852	0.0703626	1:180936513:180938555:clu_46838_+	ENSG00000135835
181075273	A	T	rs61044587	0.347796	-0.149935	0.159565	1:180936513:180938555:clu_46838_+	ENSG00000135835
181075384	T	C	rs3856065	0.0136267	0.154853	0.0625763	1:180936513:180938555:clu_46838_+	ENSG00000135835
181075395	C	T	rs75973705	0.908908	-0.0201932	0.176411	1:180936513:180938555:clu_46838_+	ENSG00000135835
181075581	C	T	rs147733118	0.312691	-0.27976	0.276857	1:180936513:180938555:clu_46838_+	ENSG00000135835
181076012	AT	A	rs3047647	0.0240435	0.147563	0.065222	1:180936513:180938555:clu_46838_+	ENSG00000135835
181076012	AT	A	rs776087052	0.0240435	0.147563	0.065222	1:180936513:180938555:clu_46838_+	ENSG00000135835
181076012	AT	A	rs5742085	0.0240435	0.147563	0.065222	1:180936513:180938555:clu_46838_+	ENSG00000135835
181076012	ATT	A	rs796623552	0.106343	-0.146639	0.0906631	1:180936513:180938555:clu_46838_+	ENSG00000135835
181076012	ATT	A	rs765251258	0.106343	-0.146639	0.0906631	1:180936513:180938555:clu_46838_+	ENSG00000135835
181076012	ATT	A	rs531172612	0.106343	-0.146639	0.0906631	1:180936513:180938555:clu_46838_+	ENSG00000135835
181076012	ATTT	A	rs199994292	0.487307	-0.0582319	0.0837809	1:180936513:180938555:clu_46838_+	ENSG00000135835
181076080	G	A	rs77104084	0.312691	-0.27976	0.276857	1:180936513:180938555:clu_46838_+	ENSG00000135835
181076097	T	A	rs12061310	0.347796	-0.149935	0.159565	1:180936513:180938555:clu_46838_+	ENSG00000135835
181076211	C	T	rs11805259	0.97356	0.00539264	0.162632	1:180936513:180938555:clu_46838_+	ENSG00000135835
181076239	T	C	rs3856066	0.0613222	-0.123681	0.0659682	1:180936513:180938555:clu_46838_+	ENSG00000135835
181076285	C	T	rs10910862	0.067215	-0.166861	0.0909957	1:180936513:180938555:clu_46838_+	ENSG00000135835
181076307	T	G	rs3856067	0.493109	-0.0569104	0.0829822	1:180936513:180938555:clu_46838_+	ENSG00000135835
181077232	A	C	rs3856068	0.0136971	0.154754	0.0625834	1:180936513:180938555:clu_46838_+	ENSG00000135835
181077624	T	G	rs59341080	0.259859	-0.150951	0.13384	1:180936513:180938555:clu_46838_+	ENSG00000135835
181077775	T	C	rs2332058	0.536733	0.0385585	0.0623788	1:180936513:180938555:clu_46838_+	ENSG00000135835
181077940	C	T	rs116446853	0.829871	0.0582142	0.270807	1:180936513:180938555:clu_46838_+	ENSG00000135835
181078302	T	C	rs76448591	0.101133	0.101615	0.0618832	1:180936513:180938555:clu_46838_+	ENSG00000135835
181078644	C	T	rs16828796	0.634408	-0.0395233	0.0830694	1:180936513:180938555:clu_46838_+	ENSG00000135835
181078700	G	C	rs6681036	0.0124762	0.154902	0.0618044	1:180936513:180938555:clu_46838_+	ENSG00000135835
181078954	T	C	rs143792153	0.51866	-0.0517714	0.0801648	1:180936513:180938555:clu_46838_+	ENSG00000135835
181079156	A	AT	rs558144423	0.455101	-0.099583	0.133231	1:180936513:180938555:clu_46838_+	ENSG00000135835
181079259	C	T	rs140993141	0.592667	-0.165577	0.30933	1:180936513:180938555:clu_46838_+	ENSG00000135835
181080239	C	G	rs4652557	0.21182	0.0767877	0.0614313	1:180936513:180938555:clu_46838_+	ENSG00000135835
181080263	G	A	rs12119710	0.387442	-0.154361	0.178467	1:180936513:180938555:clu_46838_+	ENSG00000135835
181080282	T	G	rs4652558	0.211828	0.0767877	0.0614323	1:180936513:180938555:clu_46838_+	ENSG00000135835
181080464	G	A	rs10910864	0.0816003	-0.222521	0.127552	1:180936513:180938555:clu_46838_+	ENSG00000135835
181080863	G	A	rs35625003	0.857342	0.0362724	0.201692	1:180936513:180938555:clu_46838_+	ENSG00000135835
181081577	T	C	rs4651082	0.00633734	0.17005	0.0620635	1:180936513:180938555:clu_46838_+	ENSG00000135835
181082180	AATTAAT	A	rs71571265	0.006355	0.171396	0.0625759	1:180936513:180938555:clu_46838_+	ENSG00000135835
181082180	AATTAAT	A	rs398049820	0.006355	0.171396	0.0625759	1:180936513:180938555:clu_46838_+	ENSG00000135835
181082180	AATTAAT	A	rs68039396	0.006355	0.171396	0.0625759	1:180936513:180938555:clu_46838_+	ENSG00000135835
181082723	G	A	rs4652559	0.211866	0.0767785	0.0614301	1:180936513:180938555:clu_46838_+	ENSG00000135835
181083249	C	T	rs34202146	0.860744	0.0353854	0.20162	1:180936513:180938555:clu_46838_+	ENSG00000135835
181083270	G	A	rs12141860	0.0901078	-0.217301	0.127997	1:180936513:180938555:clu_46838_+	ENSG00000135835
181083492	C	CA	rs1392943499	0.90925	-0.0201019	0.176277	1:180936513:180938555:clu_46838_+	ENSG00000135835
181083559	GA	G	rs34554744	0.342841	0.0596602	0.0628427	1:180936513:180938555:clu_46838_+	ENSG00000135835
181083559	GA	G	rs576463030	0.342841	0.0596602	0.0628427	1:180936513:180938555:clu_46838_+	ENSG00000135835
181083664	C	T	rs61809228	0.0142654	0.161482	0.0656952	1:180936513:180938555:clu_46838_+	ENSG00000135835
181084324	G	A	rs34006926	0.869578	0.0331757	0.20196	1:180936513:180938555:clu_46838_+	ENSG00000135835
181085023	A	G	rs76200235	0.534132	-0.142725	0.229428	1:180936513:180938555:clu_46838_+	ENSG00000135835
181085165	G	A	rs75422595	0.0867242	-0.390964	0.227849	1:180936513:180938555:clu_46838_+	ENSG00000135835
181085386	G	A	rs3892275	0.00496275	0.176306	0.0625105	1:180936513:180938555:clu_46838_+	ENSG00000135835
181085586	G	A	rs6656198	0.104507	0.282688	0.173858	1:180936513:180938555:clu_46838_+	ENSG00000135835
181085785	A	AT	rs1238423003	0.740065	0.0708633	0.21349	1:180936513:180938555:clu_46838_+	ENSG00000135835
181085785	AT	A	rs1229095325	0.0326222	0.142383	0.0664743	1:180936513:180938555:clu_46838_+	ENSG00000135835
181085785	AT	A	rs34307778	0.0326222	0.142383	0.0664743	1:180936513:180938555:clu_46838_+	ENSG00000135835
181085785	ATT	A	rs1491368356	0.0671907	-0.237591	0.129556	1:180936513:180938555:clu_46838_+	ENSG00000135835
181085785	ATT	A	rs762821079	0.0671907	-0.237591	0.129556	1:180936513:180938555:clu_46838_+	ENSG00000135835
181085785	ATTTTTTTTT	A	rs761108662	0.0867242	-0.390964	0.227849	1:180936513:180938555:clu_46838_+	ENSG00000135835
181086912	G	A	rs140126042	0.0864104	-0.391627	0.228007	1:180936513:180938555:clu_46838_+	ENSG00000135835
181087024	G	A	rs6662507	0.0129198	0.162189	0.0650368	1:180936513:180938555:clu_46838_+	ENSG00000135835
181087906	GA	G	rs528502431	0.93581	-0.0231136	0.286866	1:180936513:180938555:clu_46838_+	ENSG00000135835
181088052	A	T	rs4652560	0.419265	0.0509658	0.0630544	1:180936513:180938555:clu_46838_+	ENSG00000135835
181088213	G	T	rs116437604	0.730461	-0.0757441	0.219752	1:180936513:180938555:clu_46838_+	ENSG00000135835
181088217	C	T	rs145472470	0.611528	-0.157631	0.310191	1:180936513:180938555:clu_46838_+	ENSG00000135835
181088738	T	G	rs6425663	0.343692	0.0594079	0.0626876	1:180936513:180938555:clu_46838_+	ENSG00000135835
181089136	G	T	rs113028155	0.621593	0.0830131	0.16809	1:180936513:180938555:clu_46838_+	ENSG00000135835
181089177	G	A	rs3747955	0.00553864	0.174761	0.0627617	1:180936513:180938555:clu_46838_+	ENSG00000135835
181089209	G	A	rs200142413	0.0853183	-0.393837	0.228495	1:180936513:180938555:clu_46838_+	ENSG00000135835
181089404	G	A	rs3747954	0.0601657	-0.22869	0.12143	1:180936513:180938555:clu_46838_+	ENSG00000135835
181089482	C	G	rs1416829	0.00553864	0.174761	0.0627617	1:180936513:180938555:clu_46838_+	ENSG00000135835
181089507	A	G	rs1361365	0.0768998	-0.486922	0.274761	1:180936513:180938555:clu_46838_+	ENSG00000135835
181089755	C	T	rs3747951	0.241594	-0.162683	0.138781	1:180936513:180938555:clu_46838_+	ENSG00000135835
181090021	T	A	rs150437495	0.595818	-0.164137	0.309271	1:180936513:180938555:clu_46838_+	ENSG00000135835
181090757	G	A	rs41268464	0.13839	-0.191074	0.128765	1:180936513:180938555:clu_46838_+	ENSG00000135835
181091095	T	C	rs66779133	0.638773	-0.0387242	0.0824504	1:180936513:180938555:clu_46838_+	ENSG00000135835
181091339	A	C	rs114779008	0.595818	-0.164137	0.309271	1:180936513:180938555:clu_46838_+	ENSG00000135835
181091482	G	A	rs4287133	0.313919	0.0625193	0.062028	1:180936513:180938555:clu_46838_+	ENSG00000135835
181091655	G	A	rs6658698	0.400864	0.0523486	0.0622673	1:180936513:180938555:clu_46838_+	ENSG00000135835
181092780	G	A	rs61809230	0.214758	-0.0793933	0.0639254	1:180936513:180938555:clu_46838_+	ENSG00000135835
181092888	A	G	rs72637262	0.708894	-0.0308502	0.0825912	1:180936513:180938555:clu_46838_+	ENSG00000135835
181093597	A	G	rs113824390	0.009626	-0.262988	0.101237	1:180936513:180938555:clu_46838_+	ENSG00000135835
181093647	A	AT	rs550966396	0.281083	0.229393	0.212615	1:180936513:180938555:clu_46838_+	ENSG00000135835
181094374	T	A	rs7354851	0.137584	-0.191049	0.128485	1:180936513:180938555:clu_46838_+	ENSG00000135835
181094712	GA	G	rs10717224	0.0727639	-0.494729	0.275212	1:180936513:180938555:clu_46838_+	ENSG00000135835
181094712	GA	G	rs796347081	0.0727639	-0.494729	0.275212	1:180936513:180938555:clu_46838_+	ENSG00000135835
181094918	C	T	rs7549381	0.00567318	0.175979	0.0633792	1:180936513:180938555:clu_46838_+	ENSG00000135835
181095090	T	C	rs73054327	0.138295	-0.190688	0.128475	1:180936513:180938555:clu_46838_+	ENSG00000135835
181095456	G	A	rs112034775	0.10101	-0.518488	0.315645	1:180936513:180938555:clu_46838_+	ENSG00000135835
181096623	CTTTTTTTTT	C	rs1333998416	0.136886	-0.224682	0.150836	1:180936513:180938555:clu_46838_+	ENSG00000135835
181096623	CTTTTTTTTTTTTTTTTTT	C	rs777816913	0.837948	-0.0359132	0.175519	1:180936513:180938555:clu_46838_+	ENSG00000135835
181096671	G	A	rs2275470	0.0394619	0.140741	0.0681862	1:180936513:180938555:clu_46838_+	ENSG00000135835
181096840	G	T	rs79802353	0.6365	0.0803636	0.169955	1:180936513:180938555:clu_46838_+	ENSG00000135835
181097202	G	C	rs6679021	0.0074248	0.172875	0.0643432	1:180936513:180938555:clu_46838_+	ENSG00000135835
181097362	G	C	rs6679207	0.076925	0.334172	0.188583	1:180936513:180938555:clu_46838_+	ENSG00000135835
181097458	G	C	rs75383068	0.754406	-0.071461	0.22832	1:180936513:180938555:clu_46838_+	ENSG00000135835
181098400	G	C	rs73054333	0.146458	-0.18685	0.128496	1:180936513:180938555:clu_46838_+	ENSG00000135835
181098614	G	T	rs3856069	0.0417012	0.124222	0.0608604	1:180936513:180938555:clu_46838_+	ENSG00000135835
181098733	A	G	rs2332057	0.598308	0.0329481	0.0625047	1:180936513:180938555:clu_46838_+	ENSG00000135835
181098780	A	T	rs12406046	0.649469	-0.0375532	0.0825815	1:180936513:180938555:clu_46838_+	ENSG00000135835
181098799	A	ATTTT	rs66654105	0.498038	-0.123355	0.181936	1:180936513:180938555:clu_46838_+	ENSG00000135835
181098799	A	ATTTT	rs10656078	0.498038	-0.123355	0.181936	1:180936513:180938555:clu_46838_+	ENSG00000135835
181098841	G	T	rs6667308	0.337227	-0.0610043	0.0635152	1:180936513:180938555:clu_46838_+	ENSG00000135835
181099266	G	T	rs3892264	0.501226	0.0420325	0.0624565	1:180936513:180938555:clu_46838_+	ENSG00000135835
181099540	G	C	rs4651083	0.0651436	-0.509576	0.27577	1:180936513:180938555:clu_46838_+	ENSG00000135835
181099614	G	A	rs112472032	0.919259	-0.0178849	0.176358	1:180936513:180938555:clu_46838_+	ENSG00000135835
181099780	A	T	rs67376518	0.58563	-0.0458906	0.0841274	1:180936513:180938555:clu_46838_+	ENSG00000135835
181100485	C	A	rs72709671	0.863976	-0.0264541	0.154349	1:180936513:180938555:clu_46838_+	ENSG00000135835
181100815	C	T	rs114843278	0.0844943	-0.396077	0.229186	1:180936513:180938555:clu_46838_+	ENSG00000135835
181100861	G	A	rs12125373	0.910233	-0.0200105	0.177407	1:180936513:180938555:clu_46838_+	ENSG00000135835
181100977	G	C	rs6674162	0.327895	-0.0880674	0.0899379	1:180936513:180938555:clu_46838_+	ENSG00000135835
181102515	T	A	rs6425664	0.228333	-0.174036	0.144313	1:180936513:180938555:clu_46838_+	ENSG00000135835
181102525	C	A	rs67185380	0.424266	-0.0715355	0.0894623	1:180936513:180938555:clu_46838_+	ENSG00000135835
181103412	T	C	rs56300828	0.701737	0.0709069	0.185054	1:180936513:180938555:clu_46838_+	ENSG00000135835
181103423	T	A	rs116604976	0.774677	0.0848991	0.296437	1:180936513:180938555:clu_46838_+	ENSG00000135835
181104029	G	C	rs78256914	0.701737	0.0709069	0.185054	1:180936513:180938555:clu_46838_+	ENSG00000135835
181104182	T	C	rs4651084	0.874907	-0.0111367	0.0707097	1:180936513:180938555:clu_46838_+	ENSG00000135835
181104265	C	G	rs6425665	0.477662	0.0870015	0.122445	1:180936513:180938555:clu_46838_+	ENSG00000135835
181104563	A	G	rs6425666	0.168826	-0.336536	0.244268	1:180936513:180938555:clu_46838_+	ENSG00000135835
181105748	T	C	rs13374999	0.305425	-0.0879457	0.0857345	1:180936513:180938555:clu_46838_+	ENSG00000135835
181105775	C	A	rs139512484	0.868262	-0.0276263	0.166483	1:180936513:180938555:clu_46838_+	ENSG00000135835
181106193	GTC	G	rs139236819	0.774837	-0.0486558	0.170013	1:180936513:180938555:clu_46838_+	ENSG00000135835
181106329	A	G	rs60388363	0.111832	0.303209	0.190402	1:180936513:180938555:clu_46838_+	ENSG00000135835
181107025	G	A	rs746630057	0.868262	-0.0276263	0.166483	1:180936513:180938555:clu_46838_+	ENSG00000135835
181108155	C	A	rs6656640	0.214365	0.214846	0.17284	1:180936513:180938555:clu_46838_+	ENSG00000135835
181108340	C	G	rs72709676	0.868262	-0.0276263	0.166483	1:180936513:180938555:clu_46838_+	ENSG00000135835
181108473	G	A	rs72709678	0.868262	-0.0276263	0.166483	1:180936513:180938555:clu_46838_+	ENSG00000135835
181108935	G	A	rs7537217	0.214365	0.214846	0.17284	1:180936513:180938555:clu_46838_+	ENSG00000135835
181109732	T	G	rs72709679	0.466436	-0.0631281	0.0866218	1:180936513:180938555:clu_46838_+	ENSG00000135835
181109733	T	A	rs72709680	0.466436	-0.0631281	0.0866218	1:180936513:180938555:clu_46838_+	ENSG00000135835
181109909	CT	C	rs75952389	0.466516	-0.0631164	0.0866214	1:180936513:180938555:clu_46838_+	ENSG00000135835
181109999	C	G	rs16856740	0.466516	-0.0631164	0.0866214	1:180936513:180938555:clu_46838_+	ENSG00000135835
181110178	T	C	rs10752833	0.308083	-0.0972592	0.0953369	1:180936513:180938555:clu_46838_+	ENSG00000135835
181110576	A	G	rs2877547	0.46796	-0.0625648	0.0861432	1:180936513:180938555:clu_46838_+	ENSG00000135835
181111193	A	G	rs7533569	0.168644	-0.336685	0.244272	1:180936513:180938555:clu_46838_+	ENSG00000135835
181111851	G	A	rs59019561	0.374164	0.1115	0.125366	1:180936513:180938555:clu_46838_+	ENSG00000135835
181112443	A	C	rs72709681	0.838266	-0.0299915	0.14687	1:180936513:180938555:clu_46838_+	ENSG00000135835
181112738	A	G	rs72709683	0.868262	-0.0276263	0.166483	1:180936513:180938555:clu_46838_+	ENSG00000135835
181112929	G	T	rs3897435	0.176954	-0.330263	0.244302	1:180936513:180938555:clu_46838_+	ENSG00000135835
181113263	G	A	rs116412143	0.694949	0.0725926	0.185022	1:180936513:180938555:clu_46838_+	ENSG00000135835
181113659	A	G	rs72709685	0.868262	-0.0276263	0.166483	1:180936513:180938555:clu_46838_+	ENSG00000135835
181113777	C	T	rs55740741	0.694949	0.0725926	0.185022	1:180936513:180938555:clu_46838_+	ENSG00000135835
181113848	A	G	rs112218237	0.892077	-0.0249246	0.183624	1:180936513:180938555:clu_46838_+	ENSG00000135835
181114604	G	A	rs115964591	0.811477	0.0758533	0.317868	1:180936513:180938555:clu_46838_+	ENSG00000135835
181114732	C	T	rs56408124	0.88425	-0.0243044	0.166869	1:180936513:180938555:clu_46838_+	ENSG00000135835
181114922	A	G	rs55978979	0.88425	-0.0243044	0.166869	1:180936513:180938555:clu_46838_+	ENSG00000135835
181114992	C	T	rs78013293	0.65605	0.0824412	0.185009	1:180936513:180938555:clu_46838_+	ENSG00000135835
181115082	T	G	rs74134326	0.951159	-0.00765724	0.124958	1:180936513:180938555:clu_46838_+	ENSG00000135835
181115260	A	G	rs10157926	0.721903	-0.0307706	0.0864118	1:180936513:180938555:clu_46838_+	ENSG00000135835
181115335	G	A	rs72709687	0.918128	-0.0175118	0.170286	1:180936513:180938555:clu_46838_+	ENSG00000135835
181115712	C	G	rs4651085	0.15785	-0.341549	0.241515	1:180936513:180938555:clu_46838_+	ENSG00000135835
181115873	T	C	rs11806834	0.47798	-0.0617932	0.0870299	1:180936513:180938555:clu_46838_+	ENSG00000135835
181116222	G	A	rs67279918	0.329559	-0.0892041	0.0914129	1:180936513:180938555:clu_46838_+	ENSG00000135835
181116394	T	C	rs72709690	0.88425	-0.0243044	0.166869	1:180936513:180938555:clu_46838_+	ENSG00000135835
181116986	T	C	rs6702513	0.40974	-0.051999	0.0630322	1:180936513:180938555:clu_46838_+	ENSG00000135835
181117463	G	C	rs7517922	0.555029	0.0401073	0.0679105	1:180936513:180938555:clu_46838_+	ENSG00000135835
181117551	C	T	rs7541438	0.768196	0.0191689	0.0650065	1:180936513:180938555:clu_46838_+	ENSG00000135835
181118922	T	C	rs4652563	0.204636	-0.303757	0.239196	1:180936513:180938555:clu_46838_+	ENSG00000135835
181118934	A	G	rs72709691	0.879236	-0.0254051	0.167133	1:180936513:180938555:clu_46838_+	ENSG00000135835
181120167	C	T	rs12119365	0.442661	-0.0513516	0.0668431	1:180936513:180938555:clu_46838_+	ENSG00000135835
181120410	G	GTATT	rs150534776	0.745663	-0.0628919	0.1938	1:180936513:180938555:clu_46838_+	ENSG00000135835
181120410	G	GTATT	rs61644325	0.745663	-0.0628919	0.1938	1:180936513:180938555:clu_46838_+	ENSG00000135835
181120410	G	GTATTTATT	rs150534776	0.207567	-0.11077	0.0877933	1:180936513:180938555:clu_46838_+	ENSG00000135835
181120410	G	GTATTTATT	rs61644325	0.207567	-0.11077	0.0877933	1:180936513:180938555:clu_46838_+	ENSG00000135835
181120410	G	GTATTTATTTATT	rs150534776	0.639116	-0.0703641	0.149971	1:180936513:180938555:clu_46838_+	ENSG00000135835
181120410	G	GTATTTATTTATTTATT	rs150534776	0.922009	-0.0201327	0.205547	1:180936513:180938555:clu_46838_+	ENSG00000135835
181120410	GTATT	G	rs1256154429	0.429317	0.153384	0.19393	1:180936513:180938555:clu_46838_+	ENSG00000135835
181120465	G	T	rs57673351	0.378695	-0.074379	0.0844268	1:180936513:180938555:clu_46838_+	ENSG00000135835
181120573	T	C	rs3856071	0.19918	-0.131799	0.102537	1:180936513:180938555:clu_46838_+	ENSG00000135835
181121133	TC	T	rs35965424	0.869401	0.0111668	0.0678857	1:180936513:180938555:clu_46838_+	ENSG00000135835
181121133	TC	T	rs796786379	0.869401	0.0111668	0.0678857	1:180936513:180938555:clu_46838_+	ENSG00000135835
181121332	G	A	rs115108112	0.916067	0.0203452	0.192963	1:180936513:180938555:clu_46838_+	ENSG00000135835
181121961	G	T	rs112853317	0.936081	-0.0149851	0.186774	1:180936513:180938555:clu_46838_+	ENSG00000135835
181122210	CTG	C	rs143041930	0.296563	0.190648	0.182476	1:180936513:180938555:clu_46838_+	ENSG00000135835
181122636	C	G	rs116502432	0.916067	0.0203452	0.192963	1:180936513:180938555:clu_46838_+	ENSG00000135835
181122805	A	G	rs115943904	0.916067	0.0203452	0.192963	1:180936513:180938555:clu_46838_+	ENSG00000135835
181122835	G	T	rs6664756	0.33071	0.136005	0.139705	1:180936513:180938555:clu_46838_+	ENSG00000135835
181122957	C	T	rs76637127	0.267682	0.216927	0.195519	1:180936513:180938555:clu_46838_+	ENSG00000135835
181123459	A	G	rs10910867	0.939436	-0.00534104	0.0702661	1:180936513:180938555:clu_46838_+	ENSG00000135835
181123908	T	TG	rs60245649	0.80835	0.0206116	0.0849377	1:180936513:180938555:clu_46838_+	ENSG00000135835
181123908	T	TG	rs397737553	0.80835	0.0206116	0.0849377	1:180936513:180938555:clu_46838_+	ENSG00000135835
181124458	C	T	rs10910868	0.832698	-0.0151358	0.0716188	1:180936513:180938555:clu_46838_+	ENSG00000135835
181124545	T	TTCCTCC	rs141884938	0.864536	0.0152085	0.0891056	1:180936513:180938555:clu_46838_+	ENSG00000135835
181124739	C	CT	rs768465382	0.464067	-0.0522624	0.0713326	1:180936513:180938555:clu_46838_+	ENSG00000135835
181124739	C	CTT	rs768465382	0.846538	0.0275229	0.142145	1:180936513:180938555:clu_46838_+	ENSG00000135835
181124739	C	CTTT	rs768465382	0.440882	0.0911169	0.118143	1:180936513:180938555:clu_46838_+	ENSG00000135835
181124934	C	T	rs12060756	0.977251	-0.00249123	0.0873268	1:180936513:180938555:clu_46838_+	ENSG00000135835
181125562	C	T	rs58422755	0.370793	0.16487	0.184069	1:180936513:180938555:clu_46838_+	ENSG00000135835
181125572	G	A	rs56157250	0.373447	0.163973	0.184087	1:180936513:180938555:clu_46838_+	ENSG00000135835
181125576	G	A	rs61083712	0.370793	0.16487	0.184069	1:180936513:180938555:clu_46838_+	ENSG00000135835
181125644	T	G	rs12088119	0.370793	0.16487	0.184069	1:180936513:180938555:clu_46838_+	ENSG00000135835
181125683	A	G	rs12092884	0.616643	0.091891	0.183456	1:180936513:180938555:clu_46838_+	ENSG00000135835
181125745	C	T	rs113448263	0.583555	0.0615743	0.112257	1:180936513:180938555:clu_46838_+	ENSG00000135835
181125819	AT	A	rs34213948	0.759819	-0.0254403	0.083175	1:180936513:180938555:clu_46838_+	ENSG00000135835
181125819	AT	A	rs397982163	0.759819	-0.0254403	0.083175	1:180936513:180938555:clu_46838_+	ENSG00000135835
181125819	AT	A	rs796582466	0.759819	-0.0254403	0.083175	1:180936513:180938555:clu_46838_+	ENSG00000135835
181125834	G	T	rs535007672	0.370793	0.16487	0.184069	1:180936513:180938555:clu_46838_+	ENSG00000135835
181125885	T	A	rs138287400	0.370793	0.16487	0.184069	1:180936513:180938555:clu_46838_+	ENSG00000135835
181125991	A	AT	rs1179664466	0.973694	0.00630845	0.191222	1:180936513:180938555:clu_46838_+	ENSG00000135835
181125991	AT	A	rs775607790	0.370793	0.16487	0.184069	1:180936513:180938555:clu_46838_+	ENSG00000135835
181126101	A	T	rs6664238	0.828422	-0.0155337	0.0716414	1:180936513:180938555:clu_46838_+	ENSG00000135835
181126116	T	C	rs35451167	0.828422	-0.0155337	0.0716414	1:180936513:180938555:clu_46838_+	ENSG00000135835
181126118	C	CCT	rs10648920	0.828422	-0.0155337	0.0716414	1:180936513:180938555:clu_46838_+	ENSG00000135835
181126201	C	T	rs6700360	0.827943	-0.0155804	0.0716536	1:180936513:180938555:clu_46838_+	ENSG00000135835
181126251	G	C	rs6675381	0.82296	-0.0160419	0.0716661	1:180936513:180938555:clu_46838_+	ENSG00000135835
181126258	C	T	rs6700443	0.828422	-0.0155337	0.0716414	1:180936513:180938555:clu_46838_+	ENSG00000135835
181126416	C	A	rs6700566	0.828422	-0.0155337	0.0716414	1:180936513:180938555:clu_46838_+	ENSG00000135835
181126455	G	A	rs6675594	0.996251	0.000336441	0.0715808	1:180936513:180938555:clu_46838_+	ENSG00000135835
181126643	C	T	rs12025764	0.63607	-0.0332803	0.0702925	1:180936513:180938555:clu_46838_+	ENSG00000135835
181127062	C	A	rs6703722	0.866955	-0.0125691	0.0749938	1:180936513:180938555:clu_46838_+	ENSG00000135835
181127120	G	A	rs79318523	0.360886	0.193039	0.211107	1:180936513:180938555:clu_46838_+	ENSG00000135835
181127239	A	G	rs6667888	0.848866	-0.0143286	0.0751559	1:180936513:180938555:clu_46838_+	ENSG00000135835
181127345	AT	A	rs11339736	0.692646	-0.0282911	0.0715384	1:180936513:180938555:clu_46838_+	ENSG00000135835
181127345	AT	A	rs398089707	0.692646	-0.0282911	0.0715384	1:180936513:180938555:clu_46838_+	ENSG00000135835
181127625	T	C	rs6670736	0.878595	-0.0115121	0.0753318	1:180936513:180938555:clu_46838_+	ENSG00000135835
181127719	T	C	rs4651086	0.866955	-0.0125691	0.0749938	1:180936513:180938555:clu_46838_+	ENSG00000135835
181127778	G	T	rs4651087	0.828422	-0.0155337	0.0716414	1:180936513:180938555:clu_46838_+	ENSG00000135835
181128471	C	T	rs114829528	0.857316	0.0353292	0.196412	1:180936513:180938555:clu_46838_+	ENSG00000135835
181128568	G	T	rs10752834	0.661628	-0.0314654	0.071856	1:180936513:180938555:clu_46838_+	ENSG00000135835
181128666	T	C	rs10752835	0.45406	-0.0567063	0.0756916	1:180936513:180938555:clu_46838_+	ENSG00000135835
181128781	T	C	rs79762611	0.597319	0.0593646	0.112315	1:180936513:180938555:clu_46838_+	ENSG00000135835
181129659	C	T	rs6692991	0.38175	0.164906	0.188388	1:180936513:180938555:clu_46838_+	ENSG00000135835
181130002	C	G	rs7548465	0.648953	-0.0328133	0.0720448	1:180936513:180938555:clu_46838_+	ENSG00000135835
181130331	C	T	rs78143984	0.235319	0.218326	0.183773	1:180936513:180938555:clu_46838_+	ENSG00000135835
181130358	C	A	rs7548821	0.361936	-0.0645455	0.0707415	1:180936513:180938555:clu_46838_+	ENSG00000135835
181130365	G	T	rs76463494	0.642056	0.0880784	0.189386	1:180936513:180938555:clu_46838_+	ENSG00000135835
181130450	T	C	rs7517776	0.894994	0.0132173	0.100096	1:180936513:180938555:clu_46838_+	ENSG00000135835
181130942	G	C	rs80154171	0.857316	0.0353292	0.196412	1:180936513:180938555:clu_46838_+	ENSG00000135835
181130984	A	C	rs3935917	0.253721	0.212379	0.185888	1:180936513:180938555:clu_46838_+	ENSG00000135835
181130995	C	CT	rs764818132	0.536683	-0.195736	0.316617	1:180936513:180938555:clu_46838_+	ENSG00000135835
181130995	C	CT	rs55688013	0.536683	-0.195736	0.316617	1:180936513:180938555:clu_46838_+	ENSG00000135835
181130995	CT	C	rs577269222	0.253721	0.212379	0.185888	1:180936513:180938555:clu_46838_+	ENSG00000135835
181130995	CT	C	rs58561852	0.253721	0.212379	0.185888	1:180936513:180938555:clu_46838_+	ENSG00000135835
181131015	CCATTTATT	C	rs200080958	0.766095	0.0307195	0.103214	1:180936513:180938555:clu_46838_+	ENSG00000135835
181131015	CCATTTATT	C	rs781474900	0.766095	0.0307195	0.103214	1:180936513:180938555:clu_46838_+	ENSG00000135835
181131015	CCATTTATT	C	rs59714303	0.766095	0.0307195	0.103214	1:180936513:180938555:clu_46838_+	ENSG00000135835
181131016	CATTTATTCATTT	C	rs1264373248	0.70298	-0.0299694	0.0785584	1:180936513:180938555:clu_46838_+	ENSG00000135835
181131016	CATTTATTCATTT	C	rs558136351	0.70298	-0.0299694	0.0785584	1:180936513:180938555:clu_46838_+	ENSG00000135835
181131016	CATTTATTCATTTATTT	C	rs199554145	0.259859	-0.172031	0.152531	1:180936513:180938555:clu_46838_+	ENSG00000135835
181131016	CATTTATTCATTTATTT	C	rs543786221	0.259859	-0.172031	0.152531	1:180936513:180938555:clu_46838_+	ENSG00000135835
181131016	CATTTATTCATTTATTTATTT	C	rs775019238	0.403505	0.148428	0.177545	1:180936513:180938555:clu_46838_+	ENSG00000135835
181131016	CATTTATTCATTTATTTATTT	C	rs550628937	0.403505	0.148428	0.177545	1:180936513:180938555:clu_46838_+	ENSG00000135835
181131016	CATTTATTCATTTATTTATTTATTT	C	rs765626513	0.559995	0.119152	0.20431	1:180936513:180938555:clu_46838_+	ENSG00000135835
181131020	TATTC	T	rs137907576	0.30342	0.258782	0.251231	1:180936513:180938555:clu_46838_+	ENSG00000135835
181131020	TATTC	T	rs749696984	0.30342	0.258782	0.251231	1:180936513:180938555:clu_46838_+	ENSG00000135835
181131107	T	C	rs3935918	0.663082	-0.0315352	0.0723469	1:180936513:180938555:clu_46838_+	ENSG00000135835
181131297	A	G	rs148620964	0.869148	0.0323769	0.196444	1:180936513:180938555:clu_46838_+	ENSG00000135835
181131618	G	C	rs10465484	0.196701	0.244197	0.188931	1:180936513:180938555:clu_46838_+	ENSG00000135835
181131818	G	C	rs3856073	0.300788	-0.247053	0.238541	1:180936513:180938555:clu_46838_+	ENSG00000135835
181131957	T	C	rs80124973	0.196701	0.244197	0.188931	1:180936513:180938555:clu_46838_+	ENSG00000135835