pos_b37	ref	alt	beta_gwas	se_gwas	p_gwas	beta_eqtl_meta	se_eqtl_meta	p_eqtl_meta	n_datasets	maf	dataset_resumo
180900448	T	A	0.0901201	0.0622917	0.147967	-0.10973715035489746	0.06234580771757397	0.07838461492041324	5	0.049062
180901122	C	T	-0.00506814	0.0259921	0.845408	0.0021496702016282994	0.02331339338824258	0.9265331629105434	5	0.462498
180901239	C	T	-0.00562879	0.0259774	0.828461	0.00012298608050973015	0.023111166087883543	0.9957540769980856	5	0.462552
180901398	G	A	0.0435108	0.031427	0.16621	0.11908024351815134	0.029912845451824644	6.865292647250053e-05	5	0.226865
180903173	C	T	-0.0271866	0.0786506	0.729598	0.09767537117212609	0.07003221293473301	0.16310010550576548	5	0.0271506
180903479	C	A	0.0457419	0.0311755	0.142319	0.10303029287610324	0.02695056717466511	0.00013187202834381354	5	0.231067
180903558	A	G	0.042248	0.0311344	0.174788	0.09632203009875044	0.02656000613714148	0.00028719806601591985	5	0.231838
180904063	T	A	-0.0257003	0.0784104	0.743089	0.07666869097389607	0.06952786370365947	0.27015549450089615	5	0.0271491
180905263	C	T	0.0278086	0.070687	0.694021	-0.16909811924047302	0.07213709233222834	0.01907195014972039	4	0.0372405
180905352	C	T	-0.00377858	0.0258627	0.88384	-0.008942682660390645	0.023365173952192942	0.7019158541173889	5	0.436318
180905448	G	T	-0.0106189	0.0256712	0.679131	-0.006994583234461004	0.022473420650256638	0.755619671805225	5	0.464362
180906306	C	A	-0.00630649	0.0257834	0.806764	-0.0034065807460516547	0.022734053257681533	0.8808870255020711	5	0.467398
180907053	G	C	-0.00720735	0.0258351	0.780269	-0.002530544038421658	0.022557301286613006	0.9106783675780087	5	0.467107
180908511	G	C	-0.00976457	0.0258694	0.705838	-0.00031037849644893924	0.023363196585057824	0.9894004690187428	5	0.463079
180909549	C	A	-0.00930804	0.0259698	0.720019	0.002088309634389447	0.022785355960652832	0.9269750168181394	5	0.466185
180911078	C	T	-0.0494671	0.0930189	0.594868	-0.24061632258278756	0.08352608122648918	0.003967518207966997	3	0.0220497
180912006	A	C	-0.0384524	0.0262297	0.142654	-0.05632423150968472	0.02260432339386758	0.012711691991804181	5	0.466093
180915596	T	C	-0.0364364	0.0263049	0.166004	-0.020452672307909165	0.02339818585502219	0.38205639562713684	5	0.457337
180916130	G	T	0.0209696	0.026814	0.434201	0.013504780633759015	0.02355894685432174	0.5664865165140076	5	0.37001
180917014	G	A	-0.0225898	0.0563933	0.688734	-0.19852128494770363	0.04120720166304851	1.4526930634206692e-06	5	0.0572006
180917275	A	G	-0.0422392	0.0283189	0.135808	-0.04795954707663697	0.024289369370531423	0.048324041707534376	5	0.318937
180917342	G	A	0.0328809	0.042132	0.435143	0.0765858154415608	0.03661294381572609	0.036459197994265176	5	0.105448
180918071	C	T	-0.0280114	0.056761	0.621663	-0.23732074373831613	0.04508517456086852	1.410840755144303e-07	5	0.0564436
180918705	C	G	-0.00475984	0.0292305	0.870619	-0.012934230439383283	0.025311134085977332	0.6093443917575914	5	0.311711
180919151	T	C	-0.0892759	0.0276675	0.00125205	-0.15613055803656645	0.02306827496625493	1.3039991826576731e-11	5	0.315768
180919255	C	T	0.0454374	0.0279165	0.103606	0.0807878455704882	0.025940515846885583	0.001843506645035025	5	0.295277
180920177	A	G	-0.063327	0.0303582	0.0369802	-0.07262689474524418	0.02600916140070449	0.005232539839772698	5	0.236374
180920181	C	T	-0.0902296	0.0277301	0.00113854	-0.1541328783501819	0.023887349111977818	1.1002723456533952e-10	5	0.312028
180920226	G	T	-0.10346	0.0299289	0.00054652	-0.12089454787756661	0.02782450245425847	1.3934215440749558e-05	5	0.245089
180921330	G	A	-0.0887089	0.0277405	0.00138478	-0.15375273687449592	0.023814072447844115	1.0723607505515028e-10	5	0.311666
180921640	G	A	0.0404817	0.0262334	0.122798	0.07390104463425035	0.022713298801645018	0.0011393397009664766	5	0.392646
180922008	T	C	-0.109755	0.0263252	3.05681e-05	-0.17742118357783415	0.02292983275431657	1.0133497792861246e-14	5	0.390125
180922807	G	A	-0.112308	0.0263199	1.98083e-05	-0.17669118634160885	0.022870885629765497	1.1133258354360714e-14	5	0.389579
180923235	A	G	-0.109381	0.0263088	3.21618e-05	-0.1773064439616913	0.022923415274168784	1.0362221014539813e-14	5	0.390164
180923587	C	T	-0.113256	0.0273217	3.39393e-05	-0.14215908389158735	0.025118803520713613	1.518422827876411e-08	5	0.332958
180926626	G	A	-0.00141868	0.036173	0.968715	0.026387038486216756	0.031920107880439634	0.4084304722745925	5	0.145803
180926705	G	A	-0.00203383	0.0361623	0.955147	0.03159493128096091	0.03238345582901817	0.3292377448871892	5	0.145919
180926890	C	G	0.0867028	0.0305079	0.0044835	0.1398477420628358	0.027934508681217107	5.549439222972492e-07	5	0.222303
180928216	T	C	0.0871828	0.0305074	0.00426644	0.15114904821443378	0.02884079313075218	1.59875331209998e-07	5	0.222003
180928507	A	G	-0.104636	0.0256028	4.37191e-05	-0.14117907933744236	0.021695783619546206	7.655796354207555e-11	5	0.463956
180929020	C	T	0.0869678	0.0304946	0.00434576	0.1524188584601002	0.028834671552133942	1.2504868683630654e-07	5	0.22207
180929133	A	G	-0.1043	0.0255961	4.60513e-05	-0.14068059190368484	0.021691271684891853	8.838799878614295e-11	5	0.464
180929200	T	C	-0.109046	0.0262972	3.37353e-05	-0.17548159042609748	0.022847858539752817	1.5854396921256564e-14	5	0.390186
180930024	C	G	-0.104048	0.0255859	4.77025e-05	-0.1405779642084539	0.02170991088873668	9.463014930946589e-11	5	0.463763
180930050	T	C	-0.103891	0.0255867	4.89978e-05	-0.14067327596539733	0.021690315624152953	8.841815129903249e-11	5	0.463981
180930215	C	T	-0.104033	0.0255823	4.77017e-05	-0.14073573373904544	0.02169058736833315	8.679181914556259e-11	5	0.463936
180930219	A	G	-0.10402	0.0255813	4.77762e-05	-0.14068059190368484	0.021691271684891853	8.838799878614295e-11	5	0.463935
180930334	T	G	-0.104133	0.0255769	4.67415e-05	-0.14035617150954582	0.02163191792200466	8.676241399476414e-11	5	0.463951
180931300	G	A	-0.103845	0.0255622	4.85588e-05	-0.1407124095344773	0.021689983881849735	8.730867926198913e-11	5	0.463699
180931508	T	G	-0.103392	0.0255558	5.21565e-05	-0.13907776650004144	0.02158588669829851	1.1713832584752135e-10	5	0.463844
180931792	T	C	-0.104021	0.0255636	4.71895e-05	-0.13676542042858564	0.021587954206929185	2.3693299561138933e-10	5	0.463535
180931950	T	C	-0.0856245	0.030466	0.00494653	-0.14713279418157224	0.027977203614581683	1.448217386508876e-07	5	0.222103
180932175	C	A	-0.0856912	0.0304665	0.00491369	-0.1449866301417821	0.027925607595265675	2.0817209714123467e-07	5	0.222116
180932579	T	C	-0.0861159	0.0304495	0.00468182	-0.12198620042462371	0.026183180876028587	3.1782226193858196e-06	5	0.222672
180932724	T	A	-0.10383	0.0255661	4.88125e-05	-0.14053549979440366	0.021694662566791895	9.301803775743995e-11	5	0.463871
180932973	G	A	-0.0642243	0.0297334	0.0307721	-0.06996395997151073	0.024392743787691688	0.004127774582662585	5	0.248235
180933498	C	T	-0.104786	0.0255715	4.17149e-05	-0.14034723434952262	0.02174168978884549	1.0806693684277196e-10	5	0.464284
180934163	A	G	-0.114268	0.0272544	2.75699e-05	-0.1502302397018227	0.02439785068979244	7.389317947115622e-10	5	0.33277
180935975	G	A	0.0836887	0.0300453	0.00534585	0.13945633197125953	0.02823589739188553	7.853512539911727e-07	5	0.231015
180936030	G	A	-0.103901	0.0255802	4.87001e-05	-0.1523628577545484	0.02173074551893966	2.3595219697892553e-12	5	0.464107
180936374	C	T	-0.0414108	0.0686407	0.546308	-0.17086523851231336	0.07110994844840873	0.01626867270888615	4	0.0394153
180936817	G	A	0.0832627	0.0300447	0.00558346	0.1394612551138807	0.02823571234195283	7.845192112932506e-07	5	0.230962
180936823	A	G	0.0832077	0.0300447	0.00561488	0.1394612551138807	0.02823571234195283	7.845192112932506e-07	5	0.230956
180937117	T	C	-0.0663411	0.0800332	0.40715	0.1787076577505123	0.07242169762707393	0.01360228692327294	5	0.0271356
180937456	G	C	-0.104194	0.0256004	4.701e-05	-0.15355756069652113	0.02178705250651412	1.8136316758804859e-12	5	0.464137
180937524	C	T	0.0842547	0.0300378	0.00503242	0.1391906118111406	0.028203169705552002	8.003479998977409e-07	5	0.231075
180938055	T	C	0.0847055	0.0300604	0.00483475	0.13834939546738168	0.02821006633960955	9.378197413398287e-07	5	0.231037
180938117	G	A	0.0843257	0.0300702	0.00504263	0.1374437203694241	0.028082880066050114	9.869768633594328e-07	5	0.230982
180938811	T	A	-0.104403	0.0257184	4.91833e-05	-0.144268595760946	0.021968116242358417	5.127670240916225e-11	5	0.46297
180938850	G	A	0.00140931	0.0363707	0.969082	0.03799891638764032	0.032670185059207664	0.24478614883138305	5	0.145716
180938919	G	A	0.0854203	0.0291923	0.00343232	0.10461330323960626	0.026208017384766406	6.561441877639171e-05	5	0.265962
180939058	C	G	-0.0878659	0.0293059	0.00271567	-0.10848455530542789	0.02499511912403958	1.4233393288929383e-05	5	0.263713
180940588	T	C	-0.127638	0.028178	5.90633e-06	-0.21650378123829442	0.02441040203989055	7.359082067986879e-19	5	0.302112
180943529	C	T	-0.148053	0.0261513	1.50158e-08	-0.31622039042308564	0.02227958501632132	1.0082997269293585e-45	5	0.417233
180945052	C	A	-0.102814	0.0499736	0.0396515	-0.16795902045470965	0.050245361636009386	0.0008294463783474925	5	0.0770195
180947295	G	T	-0.0902669	0.0931724	0.332637	-0.07845836811531896	0.06250212185931776	0.20937304204636537	5	0.0201835
180947608	T	G	-0.148373	0.0260269	1.19288e-08	-0.3120113902202533	0.022040806912147822	1.7128982040841467e-45	5	0.420182
180948506	C	T	-0.148251	0.0260109	1.20154e-08	-0.31202266666907597	0.021962353231752725	8.27124129711556e-46	5	0.420192
180948574	A	G	-0.148264	0.0260057	1.1898e-08	-0.31093041131639704	0.02172688852949725	1.871901755780976e-46	5	0.420181
180949131	T	C	-0.148203	0.025997	1.19293e-08	-0.31093041131639704	0.02172688852949725	1.871901755780976e-46	5	0.420164
180949628	C	A	-0.148591	0.0259812	1.07051e-08	-0.31029080434462347	0.021626358490824886	1.0996058934508303e-46	5	0.419729
180949780	T	G	-0.14931	0.0259807	9.08888e-09	-0.31185782992737565	0.02168218234172018	6.603099901073671e-47	5	0.419779
180950126	C	T	0.141999	0.0260347	4.91987e-08	0.30242138485602676	0.02163977408534015	2.2071821101488053e-44	5	0.422534
180950869	C	T	-0.148535	0.0259563	1.04978e-08	-0.31121915480667306	0.021639264097117663	6.698040122030755e-47	5	0.419601
180951043	C	G	-0.148445	0.025942	1.05158e-08	-0.3112132405166211	0.021638692907424865	6.687756806051937e-47	5	0.419591
180951692	A	G	-0.148558	0.0259219	9.98508e-09	-0.31154204604650626	0.02159269902347881	3.4434112087191564e-47	5	0.419537
180952516	C	A	-0.14862	0.0259113	9.70906e-09	-0.3105298096511823	0.021582889904614946	6.174883138170715e-47	5	0.419502
180953038	A	C	-0.1485	0.0258919	9.72764e-09	-0.3110448478081335	0.021629569201274786	6.855924618331493e-47	5	0.419501
180953853	A	G	-0.148347	0.0258663	9.74198e-09	-0.3088481633685915	0.02152283550216256	1.0686076791801646e-46	5	0.419489
180954089	A	G	-0.148321	0.0258636	9.76508e-09	-0.3110372963426606	0.021629085101762452	6.8586267587790395e-47	5	0.419491
180954130	C	T	-0.148321	0.0258619	9.74448e-09	-0.3110372963426606	0.021629085101762452	6.8586267587790395e-47	5	0.419483
180956015	A	G	-0.149282	0.0258531	7.73062e-09	-0.311024436288503	0.0216292718665948	6.930225439189829e-47	5	0.419682
180956195	T	C	-0.129408	0.0277869	3.20603e-06	-0.21257633952739607	0.023688956684503753	2.8685503730655846e-19	5	0.302592
180956905	A	G	-0.148304	0.0258479	9.6041e-09	-0.31105113032381837	0.021628396129575983	6.750694355658236e-47	5	0.419465
180956985	G	A	-0.148302	0.0258471	9.59861e-09	-0.31056647747533295	0.021578789856866412	5.791516727651151e-47	5	0.419464
180957130	C	A	-0.129435	0.0277787	3.16948e-06	-0.21350894006169407	0.023860090932910225	3.6076751497395054e-19	5	0.302594
180957962	T	G	-0.148856	0.025833	8.30001e-09	-0.3079674410840876	0.021442934723124713	8.93618744575198e-47	5	0.419331
180958946	A	G	-0.148536	0.0258405	9.02004e-09	-0.3105238771245508	0.021592721698249984	6.815139457122594e-47	5	0.419421
180960009	G	A	0.0410679	0.0570595	0.471687	0.3623805758687453	0.05853430727191066	5.981819801040577e-10	5	0.0588251
180961121	G	A	-0.129944	0.0277763	2.89328e-06	-0.2367002304473878	0.02621593558548946	1.7345623210839163e-19	3	0.302526
180961245	G	A	-0.14936	0.025845	7.51208e-09	-0.31039121786247986	0.021594840965444406	7.600987045197848e-47	5	0.419624
180962282	A	G	-0.148439	0.0258497	9.33523e-09	-0.3080591573963906	0.02147058390037369	1.0971155009575998e-46	5	0.419607
180962526	C	T	-0.092113	0.0929819	0.321854	-0.08799964812457445	0.06174737057462676	0.15411205363778163	5	0.0200919
180963817	G	A	-0.110974	0.0921006	0.228234	-0.09946544221747655	0.06499361362178095	0.12592073328687844	5	0.0205305
180966193	G	C	-0.137215	0.0271593	4.3665e-07	-0.1657724185510234	0.02425371523828704	8.204572611793488e-12	5	0.343828
180967348	T	A	-0.108127	0.091879	0.23926	-0.09262685840446247	0.06127916685738616	0.1306469932313738	5	0.02056
180968905	G	A	-0.0313846	0.046919	0.50355	-0.2191767994714471	0.044493291059134146	8.39025250512492e-07	5	0.0852087
180969045	C	T	0.0138635	0.0271145	0.609147	-0.05812565921330241	0.023662100110654578	0.014030258297637889	5	0.346199
180969115	A	G	-0.136209	0.0271271	5.1369e-07	-0.16708612320614397	0.023909500889018866	2.782901777175537e-12	5	0.344101
180971327	T	C	-0.1369	0.0271069	4.40971e-07	-0.18173927328977044	0.02674286219974043	1.077094789666052e-11	3	0.343847
180972363	G	T	-0.126393	0.0275982	4.65543e-06	-0.23043611807076292	0.024163953194738158	1.4793594267269065e-21	5	0.309533
180972918	A	C	-0.0299347	0.0465848	0.520488	-0.18805049385244502	0.04125314114633148	5.153185978586279e-06	3	0.0859651
180973491	C	G	-0.0363407	0.0423724	0.391081	-0.16511022145336077	0.03765248566443132	1.1592817142724559e-05	5	0.103707
180975032	A	G	-0.137126	0.027068	4.06334e-07	-0.1676233311385044	0.02393941769522395	2.5236957087050575e-12	5	0.343885
180975614	G	C	-0.137748	0.0270609	3.57495e-07	-0.1853227097281677	0.03237433987598421	1.038180838747809e-08	5	0.343858
180976091	T	C	-0.136823	0.0270455	4.21493e-07	-0.16626291806362065	0.02375250331722633	2.5631695882590138e-12	5	0.343828
180976602	G	C	-0.101394	0.0918449	0.269605	-0.09247049567670078	0.060870874374887335	0.12873091661441538	5	0.0205279
180976891	A	G	-0.136794	0.0270536	4.27231e-07	-0.17754109881136215	0.02450736602839505	4.3436607046334853e-13	5	0.343791
180977688	G	C	-0.126208	0.0275991	4.81007e-06	-0.23321762669065005	0.024294989077227106	8.040123378715744e-22	5	0.309595
180978091	G	A	-0.0901107	0.0859484	0.294443	-0.22193526097886224	0.07962521219429429	0.0053157682501415995	4	0.0245104
180978359	T	C	-0.0925378	0.0859258	0.281503	-0.22193526097886224	0.07962521219429429	0.0053157682501415995	4	0.024531
180979240	G	A	-0.119783	0.0938049	0.201625	-0.04300939998779094	0.12599061473466638	0.7328251532474047	3	0.0196182
180980282	A	G	-0.100169	0.0919927	0.276209	-0.09275367969018669	0.06087646678051845	0.12759924067968628	5	0.0205098
180980443	G	A	-0.13736	0.0270758	3.91261e-07	-0.16712782971205972	0.024114299128625172	4.189036443145946e-12	5	0.343863
180980621	G	C	-0.119375	0.0936893	0.202606	-0.04300939998779094	0.12599061473466638	0.7328251532474047	3	0.0196522
180981477	C	A	0.0149851	0.0270699	0.57987	-0.05794626217694191	0.0236393793188157	0.014235713069262535	5	0.34598
180981696	G	C	0.0928794	0.0383353	0.0154003	0.27316648331702	0.03616102311034533	4.215422214915807e-14	5	0.125592
180981786	T	C	-0.136441	0.0270832	4.70811e-07	-0.1568348160199779	0.02392647015564189	5.5691701985698284e-11	5	0.3441
180982653	G	A	0.0147679	0.0270742	0.585435	-0.06273338656384937	0.02364628628526685	0.007978197945323286	5	0.34594
180983057	T	C	-0.126227	0.0276295	4.91187e-06	-0.23110460746725867	0.024045427514134746	7.173167019652718e-22	5	0.309751
180984564	A	C	-0.107051	0.0921071	0.245136	-0.09284801342652475	0.060881671423539264	0.12724490470165037	5	0.0205048
180986077	T	G	-0.128432	0.0276369	3.36648e-06	-0.23081779087862353	0.024157310575309465	1.2384662346717757e-21	5	0.310114
180986251	A	G	-0.127098	0.0276389	4.25548e-06	-0.23143392291090892	0.024186383802663334	1.081859418423643e-21	5	0.310027
180988391	C	T	0.0137731	0.0270852	0.611097	-0.05477399731232254	0.02369255580249141	0.020785108229321846	5	0.346
180988636	C	T	-0.141788	0.0273071	2.0768e-07	-0.19450758512389332	0.025361277762623816	1.7270710130184305e-14	5	0.33817
180991665	C	G	-0.141704	0.0273414	2.18617e-07	-0.16543784658422922	0.024319309718580116	1.0265057567197806e-11	5	0.337704
180992474	C	G	-0.103046	0.0923735	0.264623	-0.09831366981350247	0.061994234175940056	0.11277292474522457	5	0.0204551
180994590	G	A	0.086013	0.039501	0.0294442	0.29166501064312556	0.03926724847970026	1.105092650156378e-13	5	0.116575
180995441	A	G	-0.13821	0.0271326	3.50826e-07	-0.17393834422893395	0.02458520822337463	1.4953663020935121e-12	5	0.343891
180997264	T	C	-0.0518834	0.0693116	0.454127	-0.15621701012288103	0.07114253725520502	0.028104020388752586	5	0.0374468
180998570	A	G	-0.127749	0.0276237	3.75273e-06	-0.23284281284935493	0.024911991932781336	9.049712704689041e-21	5	0.31109
180998608	T	C	-0.101533	0.0924498	0.272095	-0.10965050381919399	0.06494682668799949	0.09135136187720187	4	0.0204906
180999211	C	T	0.139374	0.032312	1.60787e-05	0.24131163540725292	0.030908249758954	5.840124609917684e-15	5	0.20831
180999351	T	C	0.0138754	0.0270767	0.608337	-0.0476340747588034	0.023426226412172946	0.042015635276762685	5	0.345739
181000320	T	C	-0.042137	0.0309809	0.173798	-0.1977440920530348	0.028037087061461467	1.7516745168330947e-12	3	0.220153
181000615	C	G	-0.0992486	0.0925112	0.283349	-0.11002112206020415	0.06520376069780877	0.09153737929008954	4	0.0204328
181002479	C	T	-0.0430949	0.030961	0.16395	-0.19009048218198674	0.025781413340383523	1.666304660802368e-13	5	0.220304
181002748	G	C	-0.0434192	0.0309627	0.160823	-0.1899732265856556	0.02591812276626055	2.305913413050349e-13	5	0.220363
181005024	A	C	-0.0443175	0.0310077	0.152932	-0.1940562816926262	0.025934073174700863	7.282395215381153e-14	5	0.220357
181005093	T	C	-0.0458006	0.0310204	0.139815	-0.19765063209888487	0.025717399800792996	1.524211644588358e-14	5	0.220158
181005132	C	G	-0.0134615	0.0611431	0.825739	-0.2653850872934238	0.06151842795661848	1.6039077907649187e-05	5	0.0500888
181005644	G	A	-0.124096	0.0277016	7.47323e-06	-0.16888102458426624	0.024504298726890767	5.505446821395247e-12	5	0.320884
181005934	G	A	0.0936489	0.038646	0.015383	0.2541482903679899	0.03632694421491245	2.6311565027402053e-12	5	0.126771
181006930	A	G	-0.128769	0.0277212	3.39864e-06	-0.2313998364796153	0.02481626402964056	1.1148341808299725e-20	5	0.311225
181008007	C	T	-0.139043	0.0273168	3.58035e-07	-0.16932774630387384	0.024707253786929066	7.213439916073891e-12	5	0.343445
181008141	G	C	-0.0351401	0.0470086	0.454744	-0.17718713406823747	0.039672130742250594	7.958870997062715e-06	5	0.0854226
181008916	T	C	-0.127333	0.0278471	4.81781e-06	-0.23284743115340797	0.02520093626256699	2.4734149303657627e-20	5	0.310733
181009466	A	C	-0.128239	0.0278876	4.25727e-06	-0.23227645572500774	0.02487449233907379	9.822884144097111e-21	5	0.310712
181009624	A	G	-0.0448809	0.0311023	0.149013	-0.190885281118152	0.026019332304826767	2.1960137147691022e-13	5	0.22013
181009663	C	T	-0.0718443	0.0789212	0.36265	-0.06226571074107137	0.07485470982989889	0.4055100552946866	5	0.0294584
181010442	A	G	-0.0453793	0.0311069	0.14461	-0.19027088688388177	0.02601305028499294	2.58457597760012e-13	5	0.220179
181011166	G	A	0.0963154	0.0402837	0.0168054	0.3004340563622227	0.04072117134996426	1.6088497214369353e-13	5	0.116631
181011487	G	T	0.101173	0.0394232	0.0102784	0.27758828713451883	0.03723986091677601	9.050841723348134e-14	5	0.123127
181011754	G	A	-0.045051	0.0311229	0.147745	-0.19027088688388177	0.02601305028499294	2.58457597760012e-13	5	0.220105
181011913	A	G	-0.0466912	0.0311339	0.13369	-0.19375630217030773	0.025774053146523288	5.583591682363113e-14	5	0.219889
181011922	G	A	0.101467	0.0394714	0.0101507	0.2849706691522988	0.0379690417849081	6.126811984778108e-14	5	0.123114
181012229	A	G	-0.0467275	0.031138	0.133441	-0.19220124812299716	0.0256395357480503	6.565233564845033e-14	5	0.219886
181012472	T	C	-0.0452151	0.0311372	0.146464	-0.1902487325346877	0.026013268941014998	2.6022090042887163e-13	5	0.220091
181012797	C	T	-0.0411894	0.0311105	0.185508	-0.18898021660879705	0.025891756494219396	2.902235253401674e-13	5	0.222197
181012971	G	A	-0.0444534	0.0311911	0.154097	-0.18997701920259116	0.025976314290536474	2.603286642531152e-13	5	0.219977
181013378	C	A	-0.123357	0.0281091	1.14131e-05	-0.17117029041267934	0.02516244782737096	1.0274132809602526e-11	5	0.321038
181014239	C	G	-0.0459279	0.031305	0.142344	-0.19335397525681336	0.025806935741039053	6.766360895820437e-14	5	0.219845
181014911	C	T	0.0395367	0.134561	0.768896	-0.006239890363690379	0.13946579026291822	0.9643134591254411	3	0.00966591
181015333	A	C	0.0960847	0.0395805	0.0152005	0.27949521407961264	0.03732592930510341	6.995021790151177e-14	5	0.12558
181017211	A	G	0.0582297	0.0270111	0.0311029	-0.010403979332181446	0.024156123646049514	0.6666884190814308	5	0.430555
181017247	T	C	-0.1018	0.0286247	0.000376055	-0.24154972677961792	0.026091319881160903	2.085748708422371e-20	5	0.310596
181017348	A	G	-0.110948	0.0286475	0.000107552	-0.23813315419171796	0.026195314076531393	9.842374495025237e-20	5	0.315205
181017803	C	T	-0.0464947	0.0896055	0.603842	-0.04130599516434039	0.05965181933560631	0.4886537979730048	5	0.0231474
181017833	G	A	-0.0953044	0.0893109	0.285923	-0.09096951514969212	0.07423702138599336	0.22042723989671253	5	0.0229582
181018180	C	G	-0.0436687	0.0471983	0.35485	-0.149484045084844	0.03610763388837504	3.473712050159474e-05	5	0.0839295
181018236	A	G	-0.0496086	0.0370489	0.180568	-0.12825852899682857	0.03282783454493995	9.344704057314023e-05	5	0.141842
181018799	A	C	-0.0395525	0.0287438	0.16881	-0.1534958389658886	0.025000820334163915	8.271281843658337e-10	5	0.269179
181019677	G	A	-0.102135	0.0833911	0.220663	-0.028788064812466253	0.06220240862703466	0.6434986257336452	5	0.0249482
181020181	T	C	-0.00890562	0.0693884	0.897875	-0.028717560366495518	0.048554276132398384	0.5542171020947589	5	0.0342593
181020230	G	A	-0.036889	0.028752	0.199489	-0.14637542002715964	0.02490674865472192	4.179244000239815e-09	5	0.26946
181020317	C	T	-0.0133023	0.0694638	0.848135	-0.022803454977544026	0.047894741343518	0.6339917044490453	5	0.0341496
181021483	C	T	-0.0953385	0.070906	0.178763	-0.04490314141560113	0.06719983421934808	0.5040039201490218	5	0.0350456
181021857	C	T	-0.0375252	0.0287603	0.191975	-0.14820113231246423	0.025005901561826676	3.0918405800508758e-09	5	0.269361
181022034	C	A	0.0447321	0.126139	0.722871	0.3930776411887958	0.1384482731221476	0.004523160798439838	3	0.0106888
181022047	A	T	0.0446336	0.126159	0.723498	0.3930776411887958	0.1384482731221476	0.004523160798439838	3	0.0106866
181022072	G	A	-0.121139	0.0834233	0.146475	-0.09238376589014022	0.0706564326340558	0.19104064815488075	5	0.0248177
181022895	C	A	-0.0380563	0.0287603	0.185761	-0.1475999821335711	0.024958939711876623	3.3448245820876097e-09	5	0.269378
181022907	G	A	0.0441322	0.126019	0.726187	0.3930776411887958	0.1384482731221476	0.004523160798439838	3	0.0106912
181023605	C	T	-0.011438	0.0695001	0.869279	-0.0303921267035055	0.0471373831645169	0.5190850985994898	5	0.0341772
181023690	G	A	-0.0118203	0.0694754	0.864902	-0.029885109744837626	0.04724064692707114	0.5269855332424362	5	0.0341856
181024528	G	A	-0.123735	0.0830804	0.136399	-0.09360676966754293	0.07046822919294742	0.1840611154067059	5	0.0248637
181024863	A	G	-0.103352	0.0823877	0.209677	0.0054830061749940985	0.05256825183431191	0.9169292021200766	5	0.0253245
181026031	G	A	-0.0313921	0.0466316	0.500823	-0.15131978261371973	0.04129562587217902	0.00024801077208997795	5	0.0843575
181026238	G	A	-0.0469947	0.025928	0.0699065	-0.20117160125936157	0.022507596707588548	3.9648391485404997e-19	5	0.435655
181026704	C	T	-0.051318	0.0258644	0.0472446	-0.19196668800759514	0.022282288252842997	6.981090529976255e-18	5	0.436002
181027086	T	C	-0.0499315	0.0258505	0.0534175	-0.20380455572328432	0.022839814796655252	4.529482731098228e-19	5	0.43569
181027169	T	C	-0.0308012	0.0466067	0.508692	-0.14729668012260813	0.04102869326329913	0.00033056446349191877	5	0.0843594
181027327	T	A	-0.0496095	0.0258384	0.0548589	-0.20560952770379531	0.022863873825898735	2.4107934596649806e-19	5	0.435692
181027459	A	G	-0.0286775	0.0466534	0.538756	-0.15132135491327398	0.04816564947101888	0.0016797797787721587	3	0.0842239
181027559	G	A	-0.0398497	0.0370284	0.281842	-0.12467523651110153	0.03180458054751623	8.853417365227144e-05	5	0.139366
181027841	A	G	-0.061653	0.0260233	0.0178288	-0.21892697260387545	0.023014436971122366	1.859680906952219e-21	5	0.410539
181027925	G	T	-0.0305474	0.0465898	0.512038	-0.1465592438272778	0.04097144362748127	0.00034741779216217704	5	0.0843656
181028123	A	G	-0.0305707	0.0465908	0.511726	-0.1480482724341245	0.04095941961686591	0.00030091504980663957	5	0.0843653
181028463	G	C	0.051027	0.126031	0.685569	0.39323362351638586	0.1384271070071893	0.004501082287081077	3	0.0106457
181028481	T	C	0.0514568	0.125998	0.682986	0.39323362351638586	0.1384271070071893	0.004501082287081077	3	0.0106518
181028733	T	C	-0.0499899	0.0258227	0.0528828	-0.19272828808944262	0.022282144428897036	5.174834590371371e-18	5	0.435935
181029053	C	T	-0.0496464	0.0258224	0.0545288	-0.19322232937093503	0.022367202207481396	5.688341065959351e-18	5	0.436019
181029805	C	T	-0.0412264	0.0369488	0.264518	-0.11103535865079199	0.029966213757961956	0.00021109768156031853	5	0.140143
181029857	A	G	-0.0317251	0.0465979	0.495981	-0.14757560315630883	0.04090307893300874	0.0003086451503096237	5	0.0844118
181030115	C	T	-0.0492103	0.0258143	0.056609	-0.19362874251763046	0.022362736606779503	4.778275133510617e-18	5	0.436023
181030499	A	G	-0.0606566	0.0260111	0.0197029	-0.219237470152529	0.02298546743933873	1.454862360880476e-21	5	0.410706
181030785	A	G	-0.114318	0.0822021	0.164318	-0.06629235146288627	0.06250529266082479	0.28887726474170566	5	0.025024
181031172	T	C	-0.0606268	0.0260051	0.0197351	-0.22485468957458735	0.02319046153032461	3.1355423493037592e-22	5	0.41063
181031212	C	T	-0.0506419	0.0257909	0.0495808	-0.1924657678990632	0.022193913937545436	4.245710865463462e-18	5	0.446381
181031783	G	A	-0.0493201	0.0257364	0.0553201	-0.16782730674272509	0.022418176294737927	7.088777614101128e-14	5	0.495334
181031797	G	A	-0.0609531	0.0259941	0.0190332	-0.2233188961755029	0.02276427638893293	1.0190888242735368e-22	5	0.410708
181031861	C	T	-0.11372	0.0819197	0.165079	-0.07232790722900552	0.050466652944143105	0.15180578344160234	5	0.0251546
181032305	G	A	-0.109055	0.0820609	0.183863	-0.06598042844978862	0.059056825126405026	0.2638933060797482	5	0.0250575
181032603	T	C	-0.0387294	0.0369899	0.295087	-0.10975339186298753	0.02975953182789176	0.00022601653397566054	5	0.139988
181033352	G	A	-0.105599	0.0820998	0.198365	-0.05648866637216835	0.059477956242369526	0.34224376259770417	5	0.0251172
181033492	A	C	-0.118482	0.0822439	0.149692	-0.056546203997519084	0.05948549076358858	0.3418134746531831	5	0.0250053
181033591	T	C	0.00472149	0.0593899	0.936635	-0.20316687950903298	0.04528208071443769	7.233655356606479e-06	5	0.0495459
181033697	A	C	-0.061324	0.0259779	0.0182441	-0.2220910905969393	0.023200229780289645	1.0405184526802101e-21	5	0.412831
181034172	T	C	0.0583566	0.125985	0.643217	0.3847108994951793	0.136925286163367	0.004959678703754501	3	0.0106735
181034906	A	T	-0.0169948	0.0358416	0.635382	-0.07957620437667691	0.03140900614751286	0.011291448312815528	5	0.151912
181035321	G	A	0.00604103	0.059466	0.919084	-0.23721515014150998	0.052482566296699694	6.1873309979326025e-06	5	0.0494208
181035338	C	A	0.0064576	0.0593708	0.913387	-0.18844544710172062	0.04461995506198215	2.4070333646201055e-05	5	0.0495348
181035433	G	A	0.0586763	0.126027	0.641512	0.3846036066611985	0.13690227552211567	0.004964480132806586	3	0.0106705
181035750	T	C	-0.119967	0.0822159	0.144518	-0.05353357088132663	0.059437401859732814	0.3677630331047701	5	0.0249944
181035754	A	G	-0.0297863	0.0307483	0.332688	-0.12405548710428424	0.02536468703244483	1.0038923924945906e-06	5	0.226655
181035858	C	T	0.00688073	0.0593735	0.907741	-0.18839040595406198	0.04461467768137673	2.414889501020839e-05	5	0.0495266
181035859	G	T	-0.0177294	0.0358239	0.620668	-0.07796030722174091	0.03137679164931393	0.012967930521651372	5	0.151859
181035863	T	A	-0.0365797	0.0265234	0.16785	-0.10290371721426754	0.023265062887560275	9.729433972882134e-06	5	0.365037
181035966	T	G	-0.119798	0.0822146	0.145077	-0.05387384247669087	0.05943662877645666	0.3647198807030803	5	0.0249963
181035999	T	C	-0.0361122	0.026525	0.173374	-0.09988354776545072	0.023197163156536978	1.663443650218586e-05	5	0.365222
181036086	G	A	-0.0177053	0.0358293	0.621196	-0.07785472177251465	0.031374828257100786	0.013085311298913157	5	0.151838
181036209	T	A	-0.029299	0.0307575	0.340803	-0.12102700138144434	0.025352088886917118	1.8073943263949425e-06	5	0.226709
181036761	G	A	-0.02923	0.0307571	0.341935	-0.12107159613023653	0.02534933226569352	1.787047524081624e-06	5	0.226712
181036921	G	A	0.00850715	0.0593628	0.886047	-0.1676163490444135	0.043111338272272544	0.00010107878509044786	5	0.0496315
181036978	G	A	-0.017558	0.0358287	0.624096	-0.07796030722174091	0.03137679164931393	0.012967930521651372	5	0.151839
181037127	T	A	0.00743486	0.0593272	0.90027	-0.16763419962887252	0.043106983632117	0.00010074338501698208	5	0.0496513
181037478	C	T	0.00643981	0.0594407	0.913726	-0.21160486813074342	0.045540406054114906	3.3756487546089756e-06	5	0.0494817
181037518	T	C	0.0616387	0.126164	0.625153	0.3844191172028778	0.13685674126778896	0.004970858422836248	3	0.0107093
181037537	A	G	-0.0174292	0.035822	0.626578	-0.07840441728762754	0.03137655202011262	0.012460689514224247	5	0.151861
181037857	A	G	0.00944578	0.0593424	0.873532	-0.16851368346381998	0.04313037103938983	9.341936492370574e-05	5	0.0496125
181038086	C	T	-0.0170402	0.0358216	0.634292	-0.07854182361096737	0.031392010467917765	0.012350488782826519	5	0.151916
181038228	G	A	0.00857911	0.059545	0.885439	-0.251398991078938	0.05375209087708717	2.910900600153876e-06	5	0.0493204
181038466	T	A	-0.0281891	0.0307496	0.359284	-0.12188082394062247	0.025348109216747905	1.522339191407265e-06	5	0.226779
181038722	C	T	-0.123571	0.0822527	0.13301	-0.04660966159581571	0.06370389137776573	0.46437542246969854	5	0.024996
181038753	G	A	-0.0279707	0.0307474	0.362983	-0.12188082394062247	0.025348109216747905	1.522339191407265e-06	5	0.226788
181039039	G	A	-0.0279098	0.0307466	0.364018	-0.12138735497148292	0.025246411570411447	1.5236902493954926e-06	5	0.22679
181039384	G	A	0.0598682	0.125854	0.634292	0.3844191172028778	0.13685674126778896	0.004970858422836248	3	0.0106933
181039528	C	T	0.00930018	0.0594313	0.87565	-0.23705771879998708	0.052420626363531835	6.119377925235401e-06	5	0.0494383
181039609	C	A	-0.0278996	0.0307475	0.364207	-0.12189256612745725	0.025348231266788878	1.518992109956123e-06	5	0.226794
181039628	A	G	-0.0551535	0.0261325	0.0348125	-0.21161579392027233	0.023505052952890692	2.196491901308295e-19	5	0.39597
181039716	C	T	-0.0279089	0.0307482	0.364057	-0.12176203477496192	0.025277771168787107	1.4576125388610354e-06	5	0.226794
181039944	G	A	0.0602324	0.125807	0.632105	0.3844191172028778	0.13685674126778896	0.004970858422836248	3	0.010698
181040588	G	C	-0.0540166	0.0261396	0.0387844	-0.19677454381510917	0.02302485417739051	1.2722974898478536e-17	5	0.397203
181040710	G	A	0.0606199	0.125827	0.629968	0.3844191172028778	0.13685674126778896	0.004970858422836248	3	0.0106978
181040717	T	C	-0.0282152	0.0307519	0.358875	-0.12189234229464486	0.025348198691050424	1.5190122472380146e-06	5	0.22683
181041353	A	G	-0.0882021	0.179345	0.622861	-0.0579310810086102	0.07421681052399365	0.43505809599324863	3	0.00538888
181041461	C	T	-0.115503	0.0822088	0.160022	-0.05138441913482571	0.05936451045948607	0.38672342739818394	5	0.0250471
181041664	G	T	-0.00694581	0.059609	0.907239	0.017218081063856947	0.06051415706073721	0.7760043994797153	5	0.0527242
181041691	A	G	-0.0282888	0.0307553	0.357677	-0.1218676487354408	0.025350917747672588	1.5303720931410292e-06	5	0.226828
181042361	G	C	-0.0539849	0.0261471	0.038954	-0.19821885318721652	0.023085036936315678	8.968640652330042e-18	5	0.397126
181042659	G	T	0.0611555	0.125926	0.627217	0.38399919595466264	0.13680040474353647	0.005000471990392386	3	0.0106938
181042809	C	G	-0.125505	0.0825934	0.128625	-0.08907121000224293	0.07132454343139395	0.21173248833933891	5	0.0248409
181042889	G	A	-0.0380151	0.0265297	0.151879	-0.10121994965584434	0.023316847635226814	1.4179380817369566e-05	5	0.365191
181042907	T	G	-0.125019	0.0826056	0.130167	-0.08907121000224293	0.07132454343139395	0.21173248833933891	5	0.0248302
181042998	C	T	-0.0425007	0.0927279	0.646709	-0.21870567152445788	0.08429106617416572	0.009468775483100513	3	0.0221203
181043288	C	T	-0.0450268	0.0542132	0.406229	-0.0318574468887436	0.04982665498884153	0.5225851517835217	5	0.0617314
181044272	A	G	-0.0282349	0.0307601	0.358669	-0.12149899598150632	0.02528528536719055	1.5465365504970162e-06	5	0.2268
181044520	T	C	-0.0373982	0.0265265	0.158588	-0.0981863625264329	0.023248140728267818	2.406365898811382e-05	5	0.36548
181044531	C	T	-0.124388	0.0825793	0.131993	-0.08907121000224293	0.07132454343139395	0.21173248833933891	5	0.0248462
181044717	C	T	0.0630108	0.125936	0.616834	0.38399919595466264	0.13680040474353647	0.005000471990392386	3	0.0106974
181045216	G	A	0.0623302	0.125919	0.620599	0.38399919595466264	0.13680040474353647	0.005000471990392386	3	0.0106979
181045233	T	A	-0.113164	0.0821691	0.168448	-0.04919544758437455	0.059350200034684046	0.40716035868134043	5	0.0250693
181045347	C	T	-0.015258	0.0711105	0.830103	-0.19404054385280714	0.06875828375487812	0.004771507710574231	5	0.0353486
181045375	T	C	-0.0282696	0.0307616	0.358097	-0.12183593118483524	0.025377504085857174	1.5792082112517093e-06	5	0.226787
181045421	C	T	-0.0384813	0.0490567	0.432791	-0.12424905038082465	0.034379745745021534	0.00030148708758527705	5	0.0749107
181045443	T	G	-0.0178048	0.0358081	0.619029	-0.08119538697023213	0.031192351453212117	0.009239729763468353	5	0.151875
181046368	A	C	-0.0362945	0.0264874	0.170607	-0.09658669183746985	0.023292488895799268	3.373187374481424e-05	5	0.367836
181046760	T	G	-0.120149	0.0818204	0.141983	-0.04442952118994924	0.05045436786891813	0.3785407454368836	5	0.025333
181047780	C	T	-0.0125474	0.0358722	0.726502	-0.08979288768820014	0.031171032806157073	0.00396853961854516	5	0.151665
181047836	G	C	-0.0470049	0.0265666	0.0768405	-0.11706024813489999	0.022952388228937835	3.3941368459223497e-07	5	0.358249
181048090	T	C	-0.0139861	0.035866	0.696567	-0.08534308220263151	0.03026244271165082	0.004800884646966136	5	0.151855
181049375	C	G	-0.0322493	0.0256949	0.209448	-0.13419427903345307	0.022429829520513003	2.1926827110244357e-09	5	0.42839
181049399	G	A	0.0425977	0.0685648	0.534415	-0.2729393832146661	0.0649777626390399	2.6632089526719766e-05	5	0.0395445
181049418	T	G	-0.0323667	0.0256934	0.207766	-0.13424723374130634	0.022347966805927693	1.888313160779793e-09	5	0.428366
181049600	G	A	0.00395947	0.0595907	0.947028	-0.19667240515339254	0.04912585016770613	6.242797721559614e-05	5	0.0495408
181050713	T	C	-0.0460216	0.0265288	0.0827796	-0.106539656116984	0.023300965777665123	4.8233532801513955e-06	5	0.358113
181051859	G	A	-0.0323256	0.0256959	0.20839	-0.1342015233642079	0.022430760095010476	2.1916761986839023e-09	5	0.428445
181052800	C	T	-0.0405163	0.0267251	0.129512	-0.107343038601337	0.025020956503131422	1.7857233565946398e-05	5	0.349526
181054159	A	G	-0.205792	0.102971	0.0456568	-0.05255530281463815	0.0851472369112672	0.5370840082887367	5	0.0171224
181054301	G	A	0.11439	0.0914435	0.210956	0.2355768945126231	0.10109019989703176	0.019786956357496607	4	0.0205739
181054522	G	A	-0.0437739	0.0265951	0.0997786	-0.11501465012346022	0.023127577384112502	6.59068972587706e-07	5	0.357973
181056048	G	A	0.116195	0.0915061	0.204155	0.23556486109081093	0.10113267727774469	0.01984500224966419	4	0.0205872
181056160	G	A	-0.0385382	0.0267664	0.149929	-0.10672100207669147	0.024906713250162527	1.8287996502012278e-05	5	0.349409
181057188	A	T	-0.0527171	0.0262084	0.0442758	-0.2038898711568357	0.02316621343613043	1.3539245765706133e-18	5	0.394048
181058313	G	A	-0.0421735	0.0266529	0.113579	-0.10710845166416025	0.023449619065519227	4.933431815670853e-06	5	0.357763
181058345	G	A	0.117258	0.0915178	0.200103	0.23515287434980872	0.10121709843806019	0.02016559332547286	4	0.0205735
181058540	G	A	0.00467248	0.0607852	0.938728	-0.14563228011820226	0.04828213685561738	0.0025589969847650096	5	0.0484055
181058618	C	G	-0.0420707	0.0266605	0.114563	-0.1078023141807298	0.023454702080101905	4.302822243716542e-06	5	0.357753
181058891	C	T	0.00328855	0.0608439	0.956894	-0.2498950190435829	0.05452891860688218	4.587951991490227e-06	5	0.0482497
181060231	T	C	-0.0183691	0.0359078	0.608949	-0.08582913185211252	0.03064945088216098	0.005104752449265597	5	0.15327
181060791	G	A	-0.0524344	0.0262229	0.0455458	-0.20226804572387747	0.023088280587395347	1.9415003674089526e-18	5	0.394156
181061916	G	A	0.0524487	0.026243	0.0456539	0.21329650306747727	0.02382469009963949	3.467333403029409e-19	5	0.393462
181062024	A	G	-0.0205611	0.0359285	0.567122	-0.08541083141973668	0.030829862024690638	0.005598870665877203	5	0.153084
181062733	A	G	0.0367795	0.0508804	0.469762	-0.09769654608855263	0.037884302347364236	0.009914032755601494	5	0.0710502
181063510	T	A	0.000939943	0.0604094	0.98759	-0.17479331335756068	0.049561657657968515	0.0004206381026373275	5	0.0500394
181064054	C	T	-0.0412691	0.0268304	0.124013	-0.11096908921902494	0.02353400737665916	2.4139596234524527e-06	5	0.358674
181064226	T	C	8.42209e-05	0.0604924	0.998892	-0.17739334953717875	0.04996613146927863	0.0003848335509989526	5	0.0500659
181065976	G	T	-0.116416	0.082897	0.160216	-0.06073851850347007	0.06652311210830755	0.361219478840332	5	0.0250556
181067536	G	C	0.000162981	0.0608443	0.997857	-0.17319899419059173	0.05137633049437171	0.0007484621545382519	5	0.0499641
181067750	G	T	-0.0489906	0.0259925	0.0594585	-0.13602557915658928	0.02268722974440894	2.0262418437652887e-09	5	0.496391
181067916	A	T	-0.0240607	0.036032	0.504287	-0.07193331708489017	0.0308208991968975	0.019600244291121255	5	0.15315
181068402	G	T	-0.0545818	0.0263576	0.0383782	-0.19197702481632742	0.023258026782863594	1.5288895398787117e-16	5	0.406937
181068750	G	A	-0.122614	0.0832489	0.140789	-0.09448640535962395	0.07213589452448008	0.19025031873271672	5	0.0249596
181068916	A	T	-0.0253875	0.0360579	0.481382	-0.08185329487414772	0.0315490085841817	0.009473392345826696	5	0.153027
181069621	C	A	-0.0498227	0.0718261	0.487897	-0.14808263557259066	0.06387618405887648	0.020434316460148608	5	0.0356626
181069951	C	T	0.151449	0.092548	0.101749	0.26144158383443844	0.103654032136859	0.011660615933122717	4	0.0204835
181070113	G	C	-0.0198292	0.0399861	0.619962	-0.020248386431472733	0.034411557396152585	0.5562516290494782	5	0.118117
181071651	T	A	0.134404	0.0802168	0.0938347	0.05552419676820169	0.050572819340567864	0.27224558109258573	5	0.0272674
181071661	C	A	-0.0229059	0.0401975	0.56879	-0.025066112646648892	0.03474655046307519	0.4706643114761141	5	0.115663
181072548	T	C	-0.0843048	0.0712361	0.236629	-0.1828101775894877	0.06780964751212834	0.007019205966552907	4	0.0356207
181073165	G	C	-0.0842537	0.0712374	0.236924	-0.1828101775894877	0.06780964751212834	0.007019205966552907	4	0.0356017
181073401	C	G	-0.113271	0.0696478	0.103876	-0.058337123321209244	0.04642882877274752	0.20894020908331795	5	0.036158
181074884	T	C	-0.0293892	0.0400895	0.463509	-0.06895986342395437	0.032244472128995824	0.0324634640667739	5	0.115525
181074911	C	A	-0.000851536	0.0574917	0.988181	0.03802299715229691	0.05283455558823048	0.4717334173062498	5	0.0553082
181075465	A	G	0.0606466	0.169086	0.719839	-0.0143708807153734	0.07148480021023834	0.8406719296295813	4	0.00622736
181077291	C	A	-0.0504985	0.131454	0.700865	-0.037654075600553664	0.06454801892407509	0.5596578268810695	4	0.00974778
181077476	C	G	-0.00255106	0.0574434	0.964579	0.03802299715229691	0.05283455558823048	0.4717334173062498	5	0.0554695
181077609	G	A	-0.00230568	0.0574502	0.967987	0.03802299715229691	0.05283455558823048	0.4717334173062498	5	0.0554624
181078071	G	A	-0.0558157	0.131121	0.670341	-0.037654075600553664	0.06454801892407509	0.5596578268810695	4	0.00977739
181078868	T	G	-0.0291532	0.0400933	0.467146	-0.03536414924693195	0.033247694529378105	0.2874840257214242	5	0.115213
181078869	T	A	-0.0290158	0.0400889	0.469198	-0.03536414924693195	0.033247694529378105	0.2874840257214242	5	0.115218
181079135	C	G	-0.0284581	0.0400507	0.477364	-0.03536550808310972	0.033247657528561333	0.2874649683462869	5	0.115311
181079314	T	C	0.0997481	0.0498896	0.0455677	0.11860423459659176	0.034765595281815	0.0006459691604481994	5	0.0733683
181079712	A	G	-0.0293699	0.0400102	0.462912	-0.03887508767422893	0.03300455192857705	0.23884824223966594	5	0.11538
181080987	G	A	-0.0776305	0.0628479	0.216751	-0.08895204661797504	0.04425529383639076	0.04443380525599816	5	0.0454331
181081579	A	C	-0.0322431	0.0707349	0.64851	-0.15219624666482395	0.06380565369519182	0.01706474720084775	5	0.0353736
181081874	A	G	0.00228255	0.0575079	0.968336	0.03802299715229691	0.05283455558823048	0.4717334173062498	5	0.0554537
181082399	G	A	-0.0893716	0.0712183	0.209516	-0.1854473036966532	0.06794766953822585	0.0063475368252105795	4	0.0356456
181082795	A	G	0.00293054	0.0575287	0.95937	0.03802299715229691	0.05283455558823048	0.4717334173062498	5	0.0554708
181082913	C	T	-0.0897124	0.0712084	0.207722	-0.1854473036966532	0.06794766953822585	0.0063475368252105795	4	0.0356511
181082984	A	G	-0.144268	0.0818096	0.0778222	-0.08351963003213915	0.07280044241420414	0.25128215750996796	5	0.0262043
181083868	C	T	0.00339041	0.0575534	0.953026	0.03848275618217015	0.052901962702019883	0.4669593241422825	5	0.0554665
181084058	A	G	0.00343833	0.0575565	0.95236	0.03848275618217015	0.052901962702019883	0.4669593241422825	5	0.0554633
181084128	C	T	-0.0897095	0.0711977	0.207667	-0.18830297031259197	0.06801949021077557	0.005633782691628959	4	0.035707
181084218	T	G	-0.111798	0.0542159	0.0391981	-0.10051854767875988	0.044910778345413446	0.025209113532070736	5	0.0622034
181084396	A	G	-0.0261714	0.0401486	0.514488	-0.03453616181536706	0.03287832555193483	0.2935235015706176	5	0.115573
181084471	G	A	-0.0265156	0.0724659	0.714439	-0.18880486964631715	0.07702887004351545	0.014242343036120958	5	0.0333729
181085009	T	C	-0.0275206	0.0401756	0.493335	-0.03241783824685543	0.03306551401561535	0.3268826167882278	5	0.115349
181085358	G	A	-0.027207	0.0401941	0.498471	-0.039829386734230025	0.0347388525484639	0.2515729441716379	5	0.115296
181085530	T	C	0.00387134	0.0575807	0.946397	0.03848275618217015	0.052901962702019883	0.4669593241422825	5	0.0554574
181086599	G	C	-0.020991	0.0266231	0.430433	-0.11675965566017858	0.025125090835988226	3.36579074009447e-06	5	0.351811
181086687	C	T	-0.022183	0.0266146	0.404567	-0.122476849461761	0.023866164098627005	2.869544163642108e-07	5	0.352044
181088070	A	G	0.0039092	0.0576211	0.945915	0.03880559270312069	0.052935977699613564	0.4635178617478778	5	0.0554749
181089601	G	T	-0.0460378	0.0379205	0.224726	-0.039716652131376165	0.03158253731953424	0.20855417526982353	5	0.133576
181089709	T	C	0.10559	0.0500705	0.0349596	0.07783372482003664	0.035703479792262606	0.029257173232061777	5	0.0728681
181090468	G	A	0.0671657	0.069262	0.332181	0.024474532707853165	0.060878854165426446	0.6876691168654643	5	0.0372953
181091097	G	T	-0.143645	0.0820715	0.0800767	-0.08390039374662144	0.07370962488507266	0.25501376552806077	5	0.026012
181091772	C	G	0.0678002	0.0692499	0.327547	0.025873217232807177	0.0609085383897549	0.6709912139580186	5	0.0372951
181091941	A	G	0.0679629	0.0692331	0.326272	0.025873217232807177	0.0609085383897549	0.6709912139580186	5	0.0372993
181091971	G	T	-0.0915981	0.0704289	0.193404	-0.10464745254418807	0.05045988552926639	0.03809099975691763	5	0.0363668
181093594	C	T	0.0535607	0.0301124	0.0752908	0.06662578876468929	0.028693367987689275	0.020233332912185632	3	0.237405
181094881	C	T	-0.117799	0.0539569	0.0290208	-0.08408809975990082	0.040901936988884315	0.039797324304862776	5	0.0623786
181095337	C	T	0.055798	0.0301444	0.0641656	0.0710155872441873	0.02526553226525021	0.00494231802041839	5	0.236828
181095387	G	C	0.0558067	0.0301426	0.0641081	0.07099502963204991	0.025273110092379838	0.00496781603878511	5	0.236827
181095394	C	T	0.0554477	0.0301415	0.0658304	0.07098437081720362	0.0252673521248477	0.0049644483299665434	5	0.236756
181095552	C	A	0.0559115	0.0301355	0.0635487	0.07025882656850685	0.025105573694841874	0.005133500628785064	5	0.236825
181095591	G	A	0.0556849	0.0301336	0.0646121	0.07069119013577882	0.0252987167953916	0.005201865129337456	5	0.236786
181095779	C	T	0.0537229	0.0300342	0.0736595	0.07736725528729083	0.02578999618046802	0.0027007355976192697	5	0.237677
181096198	C	A	0.0784164	0.0321631	0.0147648	0.0840277270190447	0.026635564596491097	0.0016065264555736466	5	0.199367
181096375	A	G	0.0778721	0.0321779	0.0155176	0.08562627558206894	0.026830564102221646	0.0014159948447354982	5	0.199521
181096761	T	C	0.0789938	0.0321918	0.0141332	0.08511046694048925	0.026849374160419576	0.0015247898192725833	5	0.199357
181096855	T	C	0.0794866	0.0321975	0.0135587	0.08491151422762662	0.026792856323248015	0.0015286714116545005	5	0.199337
181096914	G	T	0.0570057	0.0302086	0.0591518	0.07100344316000108	0.02527037758373432	0.004957999759633019	5	0.236616
181097607	C	T	0.0727851	0.0698076	0.297108	0.02297623067041291	0.0612342787384854	0.7074980157060264	5	0.0370979
181097704	G	T	0.053134	0.0302976	0.0794765	0.07693074392802146	0.026049415390604277	0.003144351500001097	5	0.234267
181097802	T	C	0.0777834	0.0324351	0.0164793	0.06659151665572284	0.026967626548033877	0.013537267003379509	5	0.196075
181097917	T	C	-0.121915	0.0542585	0.0246441	-0.08081490626457286	0.04096341283210155	0.0485119945463866	5	0.0623229
181099138	C	G	0.0561337	0.0304343	0.0651198	0.07141221902673583	0.02608581067374928	0.006189143809765292	5	0.232983
181099501	G	T	-0.106125	0.0717232	0.138965	-0.2246731966174177	0.0709040365426318	0.0015312550741839706	4	0.0354528
181099586	T	C	0.0504682	0.0433141	0.243949	-0.005168444670190109	0.035576401124004994	0.884491910558442	5	0.0986029
